2015-08-05 00:00:00,2724.5823582411,W,0,2015-08-05 00:00:04
2015-08-05 00:15:00,2598.3376002312,W,0,2015-08-05 00:15:01
2015-08-05 00:30:00,2106.4692879319,W,0,2015-08-05 00:30:07
2015-08-05 00:45:00,3270.8556964807,W,0,2015-08-05 00:45:00
2015-08-05 01:00:00,2928.1967808902,W,0,2015-08-05 01:00:00
2015-08-05 01:15:00,2812.1454868913,W,0,2015-08-05 01:15:05
2015-08-05 01:30:00,2481.7503352165,W,0,2015-08-05 01:30:04
2015-08-05 01:45:00,1965.5304806233,W,0,2015-08-05 01:45:05
2015-08-05 02:00:00,2779.8348188996,W,0,2015-08-05 02:00:05
2015-08-05 02:15:00,2921.4091432095,W,0,2015-08-05 02:15:05
2015-08-05 02:30:00,2004.9399600029,W,0,2015-08-05 02:30:01
2015-08-05 02:45:00,3230.7400678396,W,0,2015-08-05 02:45:00
2015-08-05 03:00:00,2651.1593915224,W,0,2015-08-05 03:00:00
2015-08-05 03:15:00,2903.247641772,W,0,2015-08-05 03:15:00
2015-08-05 03:30:00,1882.4509513974,W,0,2015-08-05 03:30:04
2015-08-05 03:45:00,2713.3636651507,W,0,2015-08-05 03:45:06
2015-08-05 04:00:00,2644.7403482795,W,0,2015-08-05 04:00:12
2015-08-05 04:15:00,2165.8988821507,W,0,2015-08-05 04:15:05
2015-08-05 04:30:00,3038.7055054531,W,0,2015-08-05 04:30:04
2015-08-05 04:45:00,3256.1613247991,W,0,2015-08-05 04:45:01
2015-08-05 05:00:00,1871.6582325921,W,0,2015-08-05 05:00:09
2015-08-05 05:15:00,2567.308111459,W,0,2015-08-05 05:15:06
2015-08-05 05:30:00,2629.1780876219,W,0,2015-08-05 05:30:05
2015-08-05 05:45:00,2865.1392520815,W,0,2015-08-05 05:45:05
2015-08-05 06:00:00,2491.2978595346,W,0,2015-08-05 06:00:02
2015-08-05 06:15:00,2598.8805901259,W,0,2015-08-05 06:15:05
2015-08-05 06:30:00,2240.8539027572,W,0,2015-08-05 06:30:02
2015-08-05 06:45:00,3203.6962251961,W,0,2015-08-05 06:45:00
2015-08-05 07:00:00,2727.2847367674,W,0,2015-08-05 07:00:06
2015-08-05 07:15:00,2765.3076384664,W,0,2015-08-05 07:15:03
2015-08-05 07:30:00,2778.9197425842,W,0,2015-08-05 07:30:11
2015-08-05 07:45:00,3156.7266097069,W,0,2015-08-05 07:45:01
2015-08-05 08:00:00,3629.467476368,W,0,2015-08-05 08:00:05
2015-08-05 08:15:00,3917.0815492869,W,0,2015-08-05 08:15:04
2015-08-05 08:30:00,3762.8079780713,W,0,2015-08-05 08:30:05
2015-08-05 08:45:00,6277.5206214003,W,0,2015-08-05 08:45:06
2015-08-05 09:00:00,4440.1244669259,W,0,2015-08-05 09:00:09
2015-08-05 09:15:00,8295.0561732128,W,0,2015-08-05 09:15:01
2015-08-05 09:30:00,6405.7410252988,W,0,2015-08-05 09:30:03
2015-08-05 09:45:00,9183.9796975255,W,0,2015-08-05 09:45:07
2015-08-05 10:00:00,11221.3737940788,W,0,2015-08-05 10:00:01
2015-08-05 10:15:00,8862.8234344125,W,0,2015-08-05 10:15:05
2015-08-05 10:30:00,9999.7934064865,W,0,2015-08-05 10:30:01
2015-08-05 10:45:00,9449.4127175808,W,0,2015-08-05 10:45:07
2015-08-05 11:00:00,9952.0188338757,W,0,2015-08-05 11:00:00
2015-08-05 11:15:00,10275.9916992188,W,0,2015-08-05 11:15:03
2015-08-05 11:30:00,9721.1591529846,W,0,2015-08-05 11:30:04
2015-08-05 11:45:00,9703.9634552002,W,0,2015-08-05 11:45:03
2015-08-05 12:00:00,9597.8880081177,W,0,2015-08-05 12:00:00
2015-08-05 12:15:00,7553.8326263428,W,0,2015-08-05 12:15:01
2015-08-05 12:30:00,6854.604019165,W,0,2015-08-05 12:30:05
2015-08-05 12:45:00,8508.2796287537,W,0,2015-08-05 12:45:05
2015-08-05 13:00:00,9703.5043907166,W,0,2015-08-05 13:00:00
2015-08-05 13:15:00,9322.4335746765,W,0,2015-08-05 13:15:00
2015-08-05 13:30:00,10355.6340408325,W,0,2015-08-05 13:30:03
2015-08-05 13:45:00,8861.9086360931,W,0,2015-08-05 13:45:03
2015-08-05 14:00:00,8495.1351299286,W,0,2015-08-05 14:00:02
2015-08-05 14:15:00,11663.0099315643,W,0,2015-08-05 14:15:05
2015-08-05 14:30:00,9453.3388061524,W,0,2015-08-05 14:30:05
2015-08-05 14:45:00,9802.1154212952,W,0,2015-08-05 14:45:02
2015-08-05 15:00:00,9834.1483001709,W,0,2015-08-05 15:00:09
2015-08-05 15:15:00,9631.1976852417,W,0,2015-08-05 15:15:04
2015-08-05 15:30:00,10873.7885437012,W,0,2015-08-05 15:30:08
2015-08-05 15:45:00,8770.5400924683,W,0,2015-08-05 15:45:06
2015-08-05 16:00:00,9495.6507797241,W,0,2015-08-05 16:00:07
2015-08-05 16:15:00,9578.8942533732,W,0,2015-08-05 16:15:03
2015-08-05 16:30:00,9533.2130934,W,0,2015-08-05 16:30:01
2015-08-05 16:45:00,11397.8926115036,W,0,2015-08-05 16:45:04
2015-08-05 17:00:00,8060.2269924879,W,0,2015-08-05 17:00:04
2015-08-05 17:15:00,9072.1202976108,W,0,2015-08-05 17:15:04
2015-08-05 17:30:00,10372.1065564156,W,0,2015-08-05 17:30:09
2015-08-05 17:45:00,7704.6704466343,W,0,2015-08-05 17:45:06
2015-08-05 18:00:00,6074.3892077804,W,0,2015-08-05 18:00:06
2015-08-05 18:15:00,8057.2822485045,W,0,2015-08-05 18:15:00
2015-08-05 18:30:00,5345.0686066449,W,0,2015-08-05 18:30:01
2015-08-05 18:45:00,6415.6870809198,W,0,2015-08-05 18:45:05
2015-08-05 19:00:00,4415.1113795042,W,0,2015-08-05 19:00:00
2015-08-05 19:15:00,4663.5876029134,W,0,2015-08-05 19:15:07
2015-08-05 19:30:00,4418.9174252749,W,0,2015-08-05 19:30:04
2015-08-05 19:45:00,6128.7180255652,W,0,2015-08-05 19:45:02
2015-08-05 20:00:00,5418.7813654542,W,0,2015-08-05 20:00:03
2015-08-05 20:15:00,5577.9604167342,W,0,2015-08-05 20:15:04
2015-08-05 20:30:00,4416.615434885,W,0,2015-08-05 20:30:05
2015-08-05 20:45:00,5381.0087210983,W,0,2015-08-05 20:45:07
2015-08-05 21:00:00,3388.9878059104,W,0,2015-08-05 21:00:08
2015-08-05 21:15:00,2498.0976168513,W,0,2015-08-05 21:15:02
2015-08-05 21:30:00,2647.1438649893,W,0,2015-08-05 21:30:06
2015-08-05 21:45:00,2880.6769121885,W,0,2015-08-05 21:45:02
2015-08-05 22:00:00,2527.470828712,W,0,2015-08-05 22:00:04
2015-08-05 22:15:00,2871.1193793416,W,0,2015-08-05 22:15:01
2015-08-05 22:30:00,3005.3616317511,W,0,2015-08-05 22:30:04
2015-08-05 22:45:00,2787.102313757,W,0,2015-08-05 22:45:00
2015-08-05 23:00:00,3247.5556142926,W,0,2015-08-05 23:00:05
2015-08-05 23:15:00,2033.856167078,W,0,2015-08-05 23:15:00
2015-08-05 23:30:00,2643.8751046062,W,0,2015-08-05 23:30:01
2015-08-05 23:45:00,2847.5161185265,W,0,2015-08-05 23:45:09
2014-08-06 00:00:00,3098.6838283539,W,0,2014-08-06 00:00:04
2014-08-06 00:15:00,3256.3649749756,W,0,2014-08-06 00:15:04
2014-08-06 00:30:00,3236.3904495239,W,0,2014-08-06 00:30:06
2014-08-06 00:45:00,2166.8337583542,W,0,2014-08-06 00:45:04
2014-08-06 01:00:00,3168.0574073792,W,0,2014-08-06 01:00:03
2014-08-06 01:15:00,2963.7033081055,W,0,2014-08-06 01:15:02
2014-08-06 01:30:00,3387.1166353226,W,0,2014-08-06 01:30:02
2014-08-06 01:45:00,2678.4055404663,W,0,2014-08-06 01:45:12
2014-08-06 02:00:00,2759.0004777908,W,0,2014-08-06 02:00:02
2014-08-06 02:15:00,3573.374004364,W,0,2014-08-06 02:15:00
2014-08-06 02:30:00,3918.710767746,W,0,2014-08-06 02:30:02
2014-08-06 02:45:00,3156.7206125259,W,0,2014-08-06 02:45:09
2014-08-06 03:00:00,3212.6770296097,W,0,2014-08-06 03:00:06
2014-08-06 03:15:00,2697.8603506088,W,0,2014-08-06 03:15:02
2014-08-06 03:30:00,3681.0862779617,W,0,2014-08-06 03:30:06
2014-08-06 03:45:00,3577.9150381088,W,0,2014-08-06 03:45:00
2014-08-06 04:00:00,3511.4381942749,W,0,2014-08-06 04:00:03
2014-08-06 04:15:00,3128.5828371048,W,0,2014-08-06 04:15:02
2014-08-06 04:30:00,2719.1018257141,W,0,2014-08-06 04:30:06
2014-08-06 04:45:00,2706.8546657562,W,0,2014-08-06 04:45:00
2014-08-06 05:00:00,3706.2595624924,W,0,2014-08-06 05:00:06
2014-08-06 05:15:00,3601.2427845001,W,0,2014-08-06 05:15:05
2014-08-06 05:30:00,3204.0449638367,W,0,2014-08-06 05:30:05
2014-08-06 05:45:00,2901.3965616226,W,0,2014-08-06 05:45:06
2014-08-06 06:00:00,2206.7692127228,W,0,2014-08-06 06:00:06
2014-08-06 06:15:00,2981.7607717514,W,0,2014-08-06 06:15:04
2014-08-06 06:30:00,2803.0060482025,W,0,2014-08-06 06:30:03
2014-08-06 06:45:00,1703.5044527054,W,0,2014-08-06 06:45:04
2014-08-06 07:00:00,2353.7611312866,W,0,2014-08-06 07:00:06
2014-08-06 07:15:00,2591.7911424637,W,0,2014-08-06 07:15:03
2014-08-06 07:30:00,3416.2171163559,W,0,2014-08-06 07:30:02
2014-08-06 07:45:00,3501.6151809692,W,0,2014-08-06 07:45:04
2014-08-06 08:00:00,3897.9595050812,W,0,2014-08-06 08:00:02
2014-08-06 08:15:00,3221.9427366257,W,0,2014-08-06 08:15:07
2014-08-06 08:30:00,7721.4234418869,W,0,2014-08-06 08:30:00
2014-08-06 08:45:00,6720.2930583954,W,0,2014-08-06 08:45:09
2014-08-06 09:00:00,7537.113316536,W,0,2014-08-06 09:00:04
2014-08-06 09:15:00,9812.6917533875,W,0,2014-08-06 09:25:25
2014-08-06 09:30:00,9993.7127161026,W,0,2014-08-06 09:30:00
2014-08-06 09:45:00,9795.86469841,W,0,2014-08-06 09:45:00
2014-08-06 10:00:00,12085.2646541595,W,0,2014-08-06 10:00:01
2014-08-06 10:15:00,9911.7631826401,W,0,2014-08-06 10:15:05
2014-08-06 10:30:00,9576.5755491257,W,0,2014-08-06 10:30:03
2014-08-06 10:45:00,7582.8545436859,W,0,2014-08-06 10:45:00
2014-08-06 11:00:00,11481.1260204315,W,0,2014-08-06 11:00:08
2014-08-06 11:15:00,10125.3431816101,W,0,2014-08-06 11:15:07
2014-08-06 11:30:00,10808.4486064911,W,0,2014-08-06 11:30:05
2014-08-06 11:45:00,11680.6906681061,W,0,2014-08-06 11:45:03
2014-08-06 12:00:00,9864.5485696793,W,0,2014-08-06 12:00:01
2014-08-06 12:15:00,10088.6459674835,W,0,2014-08-06 12:15:02
2014-08-06 12:30:00,11947.8241043091,W,0,2014-08-06 12:30:05
2014-08-06 12:45:00,10983.2028465271,W,0,2014-08-06 12:45:01
2014-08-06 13:00:00,8702.4042377472,W,0,2014-08-06 13:00:07
2014-08-06 13:15:00,10186.6235351563,W,0,2014-08-06 13:15:04
2014-08-06 13:30:00,10157.1712036133,W,0,2014-08-06 13:30:00
2014-08-06 13:45:00,9861.8849411011,W,0,2014-08-06 13:45:00
2014-08-06 14:00:00,9861.9251403809,W,0,2014-08-06 14:00:02
2014-08-06 14:15:00,9641.914144516,W,0,2014-08-06 14:15:02
2014-08-06 14:30:00,9245.9635848999,W,0,2014-08-06 14:30:00
2014-08-06 14:45:00,11574.4817857742,W,0,2014-08-06 14:45:01
2014-08-06 15:00:00,9908.8613338471,W,0,2014-08-06 15:00:03
2014-08-06 15:15:00,9961.6508731842,W,0,2014-08-06 15:15:05
2014-08-06 15:30:00,10558.6770429611,W,0,2014-08-06 15:30:04
2014-08-06 15:45:00,10475.4058208466,W,0,2014-08-06 15:45:02
2014-08-06 16:00:00,11043.0409479141,W,0,2014-08-06 16:00:06
2014-08-06 16:15:00,10132.6300001144,W,0,2014-08-06 16:15:05
2014-08-06 16:30:00,9486.605846405,W,0,2014-08-06 16:30:06
2014-08-06 16:45:00,9637.8843765259,W,0,2014-08-06 16:45:03
2014-08-06 17:00:00,9423.3331041336,W,0,2014-08-06 17:00:03
2014-08-06 17:15:00,9594.5491933823,W,0,2014-08-06 17:15:00
2014-08-06 17:30:00,7555.1762723923,W,0,2014-08-06 17:30:04
2014-08-06 17:45:00,7990.9209794998,W,0,2014-08-06 17:45:04
2014-08-06 18:00:00,7647.5999107361,W,0,2014-08-06 18:00:00
2014-08-06 18:15:00,9622.1087856293,W,0,2014-08-06 18:15:08
2014-08-06 18:30:00,7278.010298729,W,0,2014-08-06 18:30:05
2014-08-06 18:45:00,6483.8523235321,W,0,2014-08-06 18:45:00
2014-08-06 19:00:00,3881.7122039795,W,0,2014-08-06 19:00:01
2014-08-06 19:15:00,3425.1972351074,W,0,2014-08-06 19:15:02
2014-08-06 19:30:00,4160.6682415009,W,0,2014-08-06 19:30:04
2014-08-06 19:45:00,3007.9889707565,W,0,2014-08-06 19:45:01
2014-08-06 20:00:00,3981.0953769684,W,0,2014-08-06 20:00:07
2014-08-06 20:15:00,6320.0065536499,W,0,2014-08-06 20:15:02
2014-08-06 20:30:00,9341.4306373596,W,0,2014-08-06 20:30:07
2014-08-06 20:45:00,5975.1833686829,W,0,2014-08-06 20:45:01
2014-08-06 21:00:00,5998.9518871307,W,0,2014-08-06 21:00:02
2014-08-06 21:15:00,4127.9240188599,W,0,2014-08-06 21:15:07
2014-08-06 21:30:00,3660.7517929077,W,0,2014-08-06 21:30:09
2014-08-06 21:45:00,4117.7753219605,W,0,2014-08-06 21:45:00
2014-08-06 22:00:00,2806.3881568909,W,0,2014-08-06 22:00:04
2014-08-06 22:15:00,3659.2479457855,W,0,2014-08-06 22:15:00
2014-08-06 22:30:00,3699.9833335877,W,0,2014-08-06 22:30:04
2014-08-06 22:45:00,3222.1905403137,W,0,2014-08-06 22:45:07
2014-08-06 23:00:00,3245.3716440201,W,0,2014-08-06 23:00:00
2014-08-06 23:15:00,3367.7481489182,W,0,2014-08-06 23:15:01
2014-08-06 23:30:00,3429.6194458008,W,0,2014-08-06 23:30:05
2014-08-06 23:45:00,2671.3030891419,W,0,2014-08-06 23:45:09
2014-08-07 00:00:00,3699.0458755493,W,0,2014-08-07 00:00:05
2014-08-07 00:15:00,3346.5862178803,W,0,2014-08-07 00:15:00
2014-08-07 00:30:00,3528.8392257691,W,0,2014-08-07 00:30:08
2014-08-07 00:45:00,3048.2952747345,W,0,2014-08-07 00:45:05
2014-08-07 01:00:00,3105.3132143021,W,0,2014-08-07 01:00:04
2014-08-07 01:15:00,3212.3915896416,W,0,2014-08-07 01:15:02
2014-08-07 01:30:00,3353.4446630478,W,0,2014-08-07 01:30:00
2014-08-07 01:45:00,3541.3673686981,W,0,2014-08-07 01:45:03
2014-08-07 02:00:00,2793.4650573731,W,0,2014-08-07 02:00:01
2014-08-07 02:15:00,3731.0258979797,W,0,2014-08-07 02:15:02
2014-08-07 02:30:00,2719.0445270538,W,0,2014-08-07 02:30:01
2014-08-07 02:45:00,3581.754073143,W,0,2014-08-07 02:45:00
2014-08-07 03:00:00,3764.3061199188,W,0,2014-08-07 03:00:01
2014-08-07 03:15:00,3664.9351787567,W,0,2014-08-07 03:15:05
2014-08-07 03:30:00,3650.8417634964,W,0,2014-08-07 03:30:05
2014-08-07 03:45:00,3604.7950963974,W,0,2014-08-07 03:45:01
2014-08-07 04:00:00,3165.7129125595,W,0,2014-08-07 04:00:00
2014-08-07 04:15:00,3317.9227819443,W,0,2014-08-07 04:15:09
2014-08-07 04:30:00,3279.8918209076,W,0,2014-08-07 04:30:01
2014-08-07 04:45:00,3334.1486606598,W,0,2014-08-07 04:45:01
2014-08-07 05:00:00,3469.5962677002,W,0,2014-08-07 05:00:01
2014-08-07 05:15:00,3289.5663986206,W,0,2014-08-07 05:15:06
2014-08-07 05:30:00,3266.747707367,W,0,2014-08-07 05:30:06
2014-08-07 05:45:00,2757.010641098,W,0,2014-08-07 05:45:03
2014-08-07 06:00:00,2887.64635849,W,0,2014-08-07 06:00:05
2014-08-07 06:15:00,3275.5778312683,W,0,2014-08-07 06:15:01
2014-08-07 06:30:00,3376.369553566,W,0,2014-08-07 06:30:00
2014-08-07 06:45:00,3350.2354235649,W,0,2014-08-07 06:45:09
2014-08-07 07:00:00,3288.1691122055,W,0,2014-08-07 07:00:04
2014-08-07 07:15:00,3612.8253965378,W,0,2014-08-07 07:15:02
2014-08-07 07:30:00,3321.8658828735,W,0,2014-08-07 07:30:03
2014-08-07 07:45:00,2784.6934671402,W,0,2014-08-07 07:45:05
2014-08-07 08:00:00,5737.6041955948,W,0,2014-08-07 08:00:00
2014-08-07 08:15:00,7085.5189790726,W,0,2014-08-07 08:15:01
2014-08-07 08:30:00,6460.5483989716,W,0,2014-08-07 08:30:04
2014-08-07 08:45:00,4743.9960861206,W,0,2014-08-07 08:45:04
2014-08-07 09:00:00,9233.9317970276,W,0,2014-08-07 09:00:01
2014-08-07 09:15:00,8791.6197147369,W,0,2014-08-07 09:15:00
2014-08-07 09:30:00,13702.2654838562,W,0,2014-08-07 09:30:09
2014-08-07 09:45:00,11049.295791626,W,0,2014-08-07 09:45:00
2014-08-07 10:00:00,12540.9778747559,W,0,2014-08-07 10:00:02
2014-08-07 10:15:00,12521.524887085,W,0,2014-08-07 10:15:08
2014-08-07 10:30:00,13719.1679840088,W,0,2014-08-07 10:30:03
2014-08-07 10:45:00,12899.7113800049,W,0,2014-08-07 10:45:01
2014-08-07 11:00:00,11778.3785018921,W,0,2014-08-07 11:00:04
2014-08-07 11:15:00,12630.9261054993,W,0,2014-08-07 11:15:03
2014-08-07 11:30:00,11537.5962677002,W,0,2014-08-07 11:30:02
2014-08-07 11:45:00,11818.5434265137,W,0,2014-08-07 11:45:06
2014-08-07 12:00:00,10725.444229126,W,0,2014-08-07 12:00:03
2014-08-07 12:15:00,8675.2860870361,W,0,2014-08-07 12:15:00
2014-08-07 12:30:00,11803.0865936279,W,0,2014-08-07 12:30:00
2014-08-07 12:45:00,9874.958984375,W,0,2014-08-07 12:45:01
2014-08-07 13:00:00,12552.8804931641,W,0,2014-08-07 13:00:08
2014-08-07 13:15:00,13837.3797149658,W,0,2014-08-07 13:15:01
2014-08-07 13:30:00,11544.1581115723,W,0,2014-08-07 13:30:08
2014-08-07 13:45:00,11108.4275970459,W,0,2014-08-07 13:45:00
2014-08-07 14:00:00,10635.521484375,W,0,2014-08-07 14:00:02
2014-08-07 14:15:00,10602.1428985596,W,0,2014-08-07 14:15:04
2014-08-07 14:30:00,12004.9122390747,W,0,2014-08-07 14:30:04
2014-08-07 14:45:00,13381.6675415039,W,0,2014-08-07 14:45:01
2014-08-07 15:00:00,11398.4608917236,W,0,2014-08-07 15:00:00
2014-08-07 15:15:00,13054.139755249,W,0,2014-08-07 15:15:11
2014-08-07 15:30:00,8781.99401474,W,0,2014-08-07 15:30:00
2014-08-07 15:45:00,10138.0242805481,W,0,2014-08-07 15:45:09
2014-08-07 16:00:00,9976.3293790817,W,0,2014-08-07 16:00:05
2014-08-07 16:15:00,9253.3207035065,W,0,2014-08-07 16:15:04
2014-08-07 16:30:00,9474.351641655,W,0,2014-08-07 16:30:01
2014-08-07 16:45:00,8507.6152582169,W,0,2014-08-07 16:45:01
2014-08-07 17:00:00,8776.0569353104,W,0,2014-08-07 17:00:02
2014-08-07 17:15:00,8726.9586172104,W,0,2014-08-07 17:15:08
2014-08-07 17:30:00,8586.961391449,W,0,2014-08-07 17:30:00
2014-08-07 17:45:00,8349.6527109146,W,0,2014-08-07 17:45:00
2014-08-07 18:00:00,8005.535276413,W,0,2014-08-07 18:00:05
2014-08-07 18:15:00,6435.6482944489,W,0,2014-08-07 18:15:02
2014-08-07 18:30:00,5500.5910959244,W,0,2014-08-07 18:30:00
2014-08-07 18:45:00,7742.9239954949,W,0,2014-08-07 18:45:01
2014-08-07 19:00:00,4095.6812200546,W,0,2014-08-07 19:00:05
2014-08-07 19:15:00,3739.9831380844,W,0,2014-08-07 19:15:03
2014-08-07 19:30:00,3701.4486703873,W,0,2014-08-07 19:30:02
2014-08-07 19:45:00,5388.9208407402,W,0,2014-08-07 19:45:03
2014-08-07 20:00:00,3919.7358651161,W,0,2014-08-07 20:00:08
2014-08-07 20:15:00,8360.7314763069,W,0,2014-08-07 20:15:03
2014-08-07 20:30:00,5051.6579027176,W,0,2014-08-07 20:30:00
2014-08-07 20:45:00,5222.2319517136,W,0,2014-08-07 20:45:04
2014-08-07 21:00:00,4612.982861042,W,0,2014-08-07 21:00:09
2014-08-07 21:15:00,4701.1244192124,W,0,2014-08-07 21:15:02
2014-08-07 21:30:00,4392.6365270615,W,0,2014-08-07 21:30:01
2014-08-07 21:45:00,3287.2049379349,W,0,2014-08-07 21:45:01
2014-08-07 22:00:00,3228.6265807152,W,0,2014-08-07 22:00:06
2014-08-07 22:15:00,3618.0427308083,W,0,2014-08-07 22:15:06
2014-08-07 22:30:00,4788.8385095596,W,0,2014-08-07 22:30:06
2014-08-07 22:45:00,3532.6368255615,W,0,2014-08-07 22:45:03
2014-08-07 23:00:00,3766.8955392838,W,0,2014-08-07 23:00:02
2014-08-07 23:15:00,3172.3955411911,W,0,2014-08-07 23:15:00
2014-08-07 23:30:00,3299.245765686,W,0,2014-08-07 23:30:01
2014-08-07 23:45:00,4615.1702613831,W,0,2014-08-07 23:45:01
2014-08-08 00:00:00,3587.6616764069,W,0,2014-08-08 00:00:05
2014-08-08 00:15:00,4007.1465044022,W,0,2014-08-08 00:15:01
2014-08-08 00:30:00,3688.7673397064,W,0,2014-08-08 00:30:00
2014-08-08 00:45:00,2623.3386936188,W,0,2014-08-08 00:45:02
2014-08-08 01:00:00,2680.7010774613,W,0,2014-08-08 01:00:02
2014-08-08 01:15:00,3012.6344671249,W,0,2014-08-08 01:15:07
2014-08-08 01:30:00,3797.3019275665,W,0,2014-08-08 01:30:05
2014-08-08 01:45:00,3447.6061501503,W,0,2014-08-08 01:45:00
2014-08-08 02:00:00,3328.0027303696,W,0,2014-08-08 02:00:02
2014-08-08 02:15:00,3274.8933839798,W,0,2014-08-08 02:15:00
2014-08-08 02:30:00,3324.9650440216,W,0,2014-08-08 02:30:02
2014-08-08 02:45:00,3444.1314487457,W,0,2014-08-08 02:45:01
2014-08-08 03:00:00,2889.3242044449,W,0,2014-08-08 03:00:02
2014-08-08 03:15:00,3817.5789031983,W,0,2014-08-08 03:15:05
2014-08-08 03:30:00,3506.6265182495,W,0,2014-08-08 03:30:00
2014-08-08 03:45:00,3426.9335746765,W,0,2014-08-08 03:45:04
2014-08-08 04:00:00,3354.0013494492,W,0,2014-08-08 04:00:07
2014-08-08 04:15:00,3452.4191637039,W,0,2014-08-08 04:15:02
2014-08-08 04:30:00,2937.2336750031,W,0,2014-08-08 04:30:02
2014-08-08 04:45:00,3328.8406229019,W,0,2014-08-08 04:45:06
2014-08-08 05:00:00,3160.0369758606,W,0,2014-08-08 05:00:00
2014-08-08 05:15:00,3153.2731437683,W,0,2014-08-08 05:15:04
2014-08-08 05:30:00,3132.0604600906,W,0,2014-08-08 05:30:05
2014-08-08 05:45:00,3279.16451931,W,0,2014-08-08 05:45:07
2014-08-08 06:00:00,3227.9782981873,W,0,2014-08-08 06:00:02
2014-08-08 06:15:00,3446.4164772034,W,0,2014-08-08 06:15:05
2014-08-08 06:30:00,2761.5446529389,W,0,2014-08-08 06:30:02
2014-08-08 06:45:00,3096.9014472962,W,0,2014-08-08 06:45:05
2014-08-08 07:00:00,3530.0043411255,W,0,2014-08-08 07:00:02
2014-08-08 07:15:00,3606.5619726181,W,0,2014-08-08 07:15:02
2014-08-08 07:30:00,3482.9498739243,W,0,2014-08-08 07:30:01
2014-08-08 07:45:00,4769.194038868,W,0,2014-08-08 07:45:01
2014-08-08 08:00:00,3634.1451101303,W,0,2014-08-08 08:00:06
2014-08-08 08:15:00,4448.5571880341,W,0,2014-08-08 08:18:19
2014-08-08 08:30:00,5124.5867013931,W,0,2014-08-08 08:30:04
2014-08-08 08:45:00,5030.4202508926,W,0,2014-08-08 08:45:07
2014-08-08 09:00:00,7800.7031860352,W,0,2014-08-08 09:00:00
2014-08-08 09:15:00,6461.7472553253,W,0,2014-08-08 09:15:01
2014-08-08 09:30:00,10114.0410270691,W,0,2014-08-08 09:30:05
2014-08-08 09:45:00,8469.1841316223,W,0,2014-08-08 09:45:07
2014-08-08 10:00:00,11972.7168273926,W,0,2014-08-08 10:00:02
2014-08-08 10:15:00,12516.3854484558,W,0,2014-08-08 10:15:02
2014-08-08 10:30:00,8591.9680328369,W,0,2014-08-08 10:30:00
2014-08-08 10:45:00,8737.5893592835,W,0,2014-08-08 10:45:02
2014-08-08 11:00:00,12286.026184082,W,0,2014-08-08 11:00:02
2014-08-08 11:15:00,11888.9664154053,W,0,2014-08-08 11:15:05
2014-08-08 11:30:00,9288.4186553955,W,0,2014-08-08 11:30:00
2014-08-08 11:45:00,7684.084815979,W,0,2014-08-08 11:45:03
2014-08-08 12:00:00,8762.6867218018,W,0,2014-08-08 12:00:05
2014-08-08 12:15:00,8641.9317855835,W,0,2014-08-08 12:15:04
2014-08-08 12:30:00,7185.5523109436,W,0,2014-08-08 12:30:08
2014-08-08 12:45:00,10905.736114502,W,0,2014-08-08 12:45:02
2014-08-08 13:00:00,7888.3995256424,W,0,2014-08-08 13:00:00
2014-08-08 13:15:00,10195.966255188,W,0,2014-08-08 13:15:04
2014-08-08 13:30:00,10442.9406528473,W,0,2014-08-08 13:30:04
2014-08-08 13:45:00,9097.3255271912,W,0,2014-08-08 13:45:01
2014-08-08 14:00:00,9866.8380889893,W,0,2014-08-08 14:00:03
2014-08-08 14:15:00,11811.0756072998,W,0,2014-08-08 14:15:04
2014-08-08 14:30:00,8331.807548523,W,0,2014-08-08 14:30:00
2014-08-08 14:45:00,10471.4258422852,W,0,2014-08-08 14:45:02
2014-08-08 15:00:00,9414.6905822754,W,0,2014-08-08 15:00:08
2014-08-08 15:15:00,10154.6760101318,W,0,2014-08-08 15:15:02
2014-08-08 15:30:00,9905.9267730713,W,0,2014-08-08 15:30:00
2014-08-08 15:45:00,9924.1226730347,W,0,2014-08-08 15:45:07
2014-08-08 16:00:00,8921.546951294,W,0,2014-08-08 16:00:00
2014-08-08 16:15:00,9630.6634216309,W,0,2014-08-08 16:15:04
2014-08-08 16:30:00,10558.6000900269,W,0,2014-08-08 16:30:01
2014-08-08 16:45:00,9362.3860168457,W,0,2014-08-08 16:45:02
2014-08-08 17:00:00,10450.674574852,W,0,2014-08-08 17:00:05
2014-08-08 17:15:00,8315.5589895249,W,0,2014-08-08 17:15:03
2014-08-08 17:30:00,5117.509162426,W,0,2014-08-08 17:30:04
2014-08-08 17:45:00,6756.5480675697,W,0,2014-08-08 17:45:02
2014-08-08 18:00:00,4796.7048721314,W,0,2014-08-08 18:00:00
2014-08-08 18:15:00,5611.4439783096,W,0,2014-08-08 18:15:00
2014-08-08 18:30:00,5141.9617242813,W,0,2014-08-08 18:30:05
2014-08-08 18:45:00,4152.0923073292,W,0,2014-08-08 18:45:05
2014-08-08 19:00:00,3976.2477681637,W,0,2014-08-08 19:00:01
2014-08-08 19:15:00,7253.7523117066,W,0,2014-08-08 19:15:00
2014-08-08 19:30:00,4380.8567056656,W,0,2014-08-08 19:30:01
2014-08-08 19:45:00,3581.3054308891,W,0,2014-08-08 19:45:07
2014-08-08 20:00:00,3694.3163738251,W,0,2014-08-08 20:00:09
2014-08-08 20:15:00,6698.6631264687,W,0,2014-08-08 20:15:07
2014-08-08 20:30:00,6656.886007309,W,0,2014-08-08 20:30:02
2014-08-08 20:45:00,3376.3792073727,W,0,2014-08-08 20:45:01
2014-08-08 21:00:00,3145.2494513989,W,0,2014-08-08 21:00:07
2014-08-08 21:15:00,3268.4068088532,W,0,2014-08-08 21:15:07
2014-08-08 21:30:00,4181.4546985626,W,0,2014-08-08 21:30:04
2014-08-08 21:45:00,3312.7499427796,W,0,2014-08-08 21:45:03
2014-08-08 22:00:00,3219.4450912476,W,0,2014-08-08 22:00:00
2014-08-08 22:15:00,3123.1749050617,W,0,2014-08-08 22:15:02
2014-08-08 22:30:00,3554.2934780121,W,0,2014-08-08 22:30:03
2014-08-08 22:45:00,3533.6139163971,W,0,2014-08-08 22:45:02
2014-08-08 23:00:00,4307.2978143692,W,0,2014-08-08 23:00:01
2014-08-08 23:15:00,3233.4766054154,W,0,2014-08-08 23:15:05
2014-08-08 23:30:00,3090.2659928799,W,0,2014-08-08 23:30:04
2014-08-08 23:45:00,3222.9288141728,W,0,2014-08-08 23:45:03
2014-08-09 00:00:00,3001.8586614132,W,0,2014-08-09 00:00:01
2014-08-09 00:15:00,3180.0224704743,W,0,2014-08-09 00:15:00
2014-08-09 00:30:00,2634.2079191208,W,0,2014-08-09 00:30:05
2014-08-09 00:45:00,3413.3962612152,W,0,2014-08-09 00:45:01
2014-08-09 01:00:00,3234.1128733158,W,0,2014-08-09 01:00:02
2014-08-09 01:15:00,3103.2630338669,W,0,2014-08-09 01:15:03
2014-08-09 01:30:00,3330.7400460243,W,0,2014-08-09 01:30:04
2014-08-09 01:45:00,3228.9806990624,W,0,2014-08-09 01:45:02
2014-08-09 02:00:00,2670.6911449432,W,0,2014-08-09 02:00:01
2014-08-09 02:15:00,3517.8192682266,W,0,2014-08-09 02:15:00
2014-08-09 02:30:00,3794.6410288811,W,0,2014-08-09 02:30:06
2014-08-09 02:45:00,3240.883118391,W,0,2014-08-09 02:45:02
2014-08-09 03:00:00,3294.7993183136,W,0,2014-08-09 03:00:01
2014-08-09 03:15:00,3071.0278944969,W,0,2014-08-09 03:15:03
2014-08-09 03:30:00,2665.7342987061,W,0,2014-08-09 03:30:03
2014-08-09 03:45:00,3181.0196886063,W,0,2014-08-09 03:45:04
2014-08-09 04:00:00,3711.9185109139,W,0,2014-08-09 04:00:03
2014-08-09 04:15:00,3218.5065898895,W,0,2014-08-09 04:15:02
2014-08-09 04:30:00,2605.571741581,W,0,2014-08-09 04:30:03
2014-08-09 04:45:00,2574.3219673634,W,0,2014-08-09 04:45:00
2014-08-09 05:00:00,3771.3883132935,W,0,2014-08-09 05:00:00
2014-08-09 05:15:00,3113.0625419617,W,0,2014-08-09 05:15:04
2014-08-09 05:30:00,3284.6105251312,W,0,2014-08-09 05:30:01
2014-08-09 05:45:00,3405.1605086327,W,0,2014-08-09 05:45:05
2014-08-09 06:00:00,3067.9896631241,W,0,2014-08-09 06:00:01
2014-08-09 06:15:00,3162.7373964787,W,0,2014-08-09 06:15:05
2014-08-09 06:30:00,3355.7881917954,W,0,2014-08-09 06:30:00
2014-08-09 06:45:00,2873.8055257797,W,0,2014-08-09 06:45:01
2014-08-09 07:00:00,3032.5536878109,W,0,2014-08-09 07:00:04
2014-08-09 07:15:00,3500.2569363117,W,0,2014-08-09 07:15:03
2014-08-09 07:30:00,3307.5934927464,W,0,2014-08-09 07:30:02
2014-08-09 07:45:00,3062.4855146408,W,0,2014-08-09 07:45:03
2014-08-09 08:00:00,3150.2726020813,W,0,2014-08-09 08:00:01
2014-08-09 08:15:00,2552.5122480393,W,0,2014-08-09 08:15:05
2014-08-09 08:30:00,2211.8644354344,W,0,2014-08-09 08:30:05
2014-08-09 08:45:00,3508.6551957131,W,0,2014-08-09 08:45:07
2014-08-09 09:00:00,3559.083886385,W,0,2014-08-09 09:00:00
2014-08-09 09:15:00,3013.2381806374,W,0,2014-08-09 09:15:00
2014-08-09 09:30:00,3475.6145012379,W,0,2014-08-09 09:30:01
2014-08-09 09:45:00,3463.7752966881,W,0,2014-08-09 09:45:03
2014-08-09 10:00:00,3295.8560476303,W,0,2014-08-09 10:00:01
2014-08-09 10:15:00,3298.4051160812,W,0,2014-08-09 10:15:05
2014-08-09 10:30:00,2606.2829291821,W,0,2014-08-09 10:30:05
2014-08-09 10:45:00,3004.4627673626,W,0,2014-08-09 10:45:08
2014-08-09 11:00:00,3600.3153181076,W,0,2014-08-09 11:00:00
2014-08-09 11:15:00,3202.7811136246,W,0,2014-08-09 11:15:02
2014-08-09 11:30:00,4391.8057098389,W,0,2014-08-09 11:30:03
2014-08-09 11:45:00,2768.5113465786,W,0,2014-08-09 11:45:05
2014-08-09 12:00:00,2865.7650580406,W,0,2014-08-09 12:00:06
2014-08-09 12:15:00,2984.460267067,W,0,2014-08-09 12:15:01
2014-08-09 12:30:00,2575.5025434494,W,0,2014-08-09 12:30:05
2014-08-09 12:45:00,3703.1514501572,W,0,2014-08-09 12:45:06
2014-08-09 13:00:00,3602.0185394287,W,0,2014-08-09 13:00:01
2014-08-09 13:15:00,3076.653334856,W,0,2014-08-09 13:15:00
2014-08-09 13:30:00,3093.7498776913,W,0,2014-08-09 13:30:01
2014-08-09 13:45:00,3095.0499725342,W,0,2014-08-09 13:45:00
2014-08-09 14:00:00,3150.9277172089,W,0,2014-08-09 14:00:00
2014-08-09 14:15:00,2674.0880270004,W,0,2014-08-09 14:15:00
2014-08-09 14:30:00,2605.4544506073,W,0,2014-08-09 14:30:05
2014-08-09 14:45:00,2581.1859483719,W,0,2014-08-09 14:45:04
2014-08-09 15:00:00,2546.8322403431,W,0,2014-08-09 15:00:03
2014-08-09 15:15:00,2425.1881873608,W,0,2014-08-09 15:15:08
2014-08-09 15:30:00,3463.5783092976,W,0,2014-08-09 15:30:02
2014-08-09 15:45:00,3839.0753006935,W,0,2014-08-09 15:45:09
2014-08-09 16:00:00,3103.3333692551,W,0,2014-08-09 16:00:03
2014-08-09 16:15:00,3115.8986749649,W,0,2014-08-09 16:15:02
2014-08-09 16:30:00,3101.657664299,W,0,2014-08-09 16:30:06
2014-08-09 16:45:00,3174.0765762329,W,0,2014-08-09 16:45:00
2014-08-09 17:00:00,3332.6598336697,W,0,2014-08-09 17:00:07
2014-08-09 17:15:00,3144.4496865273,W,0,2014-08-09 17:15:06
2014-08-09 17:30:00,3205.2205114365,W,0,2014-08-09 17:30:05
2014-08-09 17:45:00,3606.0498809815,W,0,2014-08-09 17:45:00
2014-08-09 18:00:00,3081.7576010227,W,0,2014-08-09 18:00:10
2014-08-09 18:15:00,3251.3050680161,W,0,2014-08-09 18:15:07
2014-08-09 18:30:00,2510.1637961865,W,0,2014-08-09 18:30:03
2014-08-09 18:45:00,3480.4421260357,W,0,2014-08-09 18:45:02
2014-08-09 19:00:00,3350.363948822,W,0,2014-08-09 19:00:04
2014-08-09 19:15:00,3057.1900243759,W,0,2014-08-09 19:15:04
2014-08-09 19:30:00,3224.2485108376,W,0,2014-08-09 19:30:01
2014-08-09 19:45:00,4200.6863286495,W,0,2014-08-09 19:45:07
2014-08-09 20:00:00,3294.6082370281,W,0,2014-08-09 20:00:05
2014-08-09 20:15:00,3724.8865931034,W,0,2014-08-09 20:15:00
2014-08-09 20:30:00,2886.7950806618,W,0,2014-08-09 20:30:01
2014-08-09 20:45:00,3414.1685295105,W,0,2014-08-09 20:45:00
2014-08-09 21:00:00,3005.1116294861,W,0,2014-08-09 21:00:02
2014-08-09 21:15:00,2480.1326136589,W,0,2014-08-09 21:15:06
2014-08-09 21:30:00,3501.9985761643,W,0,2014-08-09 21:30:01
2014-08-09 21:45:00,2447.4820671082,W,0,2014-08-09 21:45:03
2014-08-09 22:00:00,3355.5062503815,W,0,2014-08-09 22:00:02
2014-08-09 22:15:00,3144.0452384949,W,0,2014-08-09 22:15:00
2014-08-09 22:30:00,3016.3857421875,W,0,2014-08-09 22:30:05
2014-08-09 22:45:00,3042.3425183296,W,0,2014-08-09 22:45:01
2014-08-09 23:00:00,3192.8215255737,W,0,2014-08-09 23:00:03
2014-08-09 23:15:00,3091.8121204376,W,0,2014-08-09 23:15:04
2014-08-09 23:30:00,2601.1859130859,W,0,2014-08-09 23:30:03
2014-08-09 23:45:00,3635.3319339752,W,0,2014-08-09 23:45:01
2014-08-10 00:00:00,3550.3394670487,W,0,2014-08-10 00:00:05
2014-08-10 00:15:00,3683.0716366768,W,0,2014-08-10 00:15:01
2014-08-10 00:30:00,3383.4834132195,W,0,2014-08-10 00:30:04
2014-08-10 00:45:00,3132.1874756813,W,0,2014-08-10 00:45:05
2014-08-10 01:00:00,2986.0975503922,W,0,2014-08-10 01:00:06
2014-08-10 01:15:00,3186.5179114342,W,0,2014-08-10 01:15:02
2014-08-10 01:30:00,3033.3756008148,W,0,2014-08-10 01:30:00
2014-08-10 01:45:00,2609.839258194,W,0,2014-08-10 01:45:05
2014-08-10 02:00:00,3443.7856285572,W,0,2014-08-10 02:00:02
2014-08-10 02:15:00,3485.170153141,W,0,2014-08-10 02:15:05
2014-08-10 02:30:00,3104.7167551518,W,0,2014-08-10 02:30:06
2014-08-10 02:45:00,3241.5832548142,W,0,2014-08-10 02:45:06
2014-08-10 03:00:00,3068.0829076767,W,0,2014-08-10 03:00:05
2014-08-10 03:15:00,3526.1452922821,W,0,2014-08-10 03:15:04
2014-08-10 03:30:00,3193.4074449539,W,0,2014-08-10 03:30:01
2014-08-10 03:45:00,3195.885614872,W,0,2014-08-10 03:45:00
2014-08-10 04:00:00,2476.5892305374,W,0,2014-08-10 04:00:06
2014-08-10 04:15:00,4428.9524791241,W,0,2014-08-10 04:15:00
2014-08-10 04:30:00,2716.7137022019,W,0,2014-08-10 04:30:00
2014-08-10 04:45:00,2774.6039276123,W,0,2014-08-10 04:45:03
2014-08-10 05:00:00,2724.3172516823,W,0,2014-08-10 05:00:03
2014-08-10 05:15:00,3557.2388379574,W,0,2014-08-10 05:15:05
2014-08-10 05:30:00,3620.0559735298,W,0,2014-08-10 05:30:00
2014-08-10 05:45:00,3342.7988595963,W,0,2014-08-10 05:45:04
2014-08-10 06:00:00,3159.4133441448,W,0,2014-08-10 06:00:01
2014-08-10 06:15:00,3272.6068630219,W,0,2014-08-10 06:15:05
2014-08-10 06:30:00,3005.6716957092,W,0,2014-08-10 06:30:02
2014-08-10 06:45:00,2662.2772054672,W,0,2014-08-10 06:45:04
2014-08-10 07:00:00,2743.5758912563,W,0,2014-08-10 07:00:03
2014-08-10 07:15:00,3400.9322340489,W,0,2014-08-10 07:15:06
2014-08-10 07:30:00,3304.7562122345,W,0,2014-08-10 07:30:01
2014-08-10 07:45:00,3071.5848140717,W,0,2014-08-10 07:45:00
2014-08-10 08:00:00,3159.8121414185,W,0,2014-08-10 08:00:09
2014-08-10 08:15:00,3253.4059095383,W,0,2014-08-10 08:15:05
2014-08-10 08:30:00,3146.1796295643,W,0,2014-08-10 08:30:02
2014-08-10 08:45:00,2475.2932572365,W,0,2014-08-10 08:45:03
2014-08-10 09:00:00,2617.4084699154,W,0,2014-08-10 09:00:05
2014-08-10 09:15:00,3692.7785458565,W,0,2014-08-10 09:15:03
2014-08-10 09:30:00,3126.5745859146,W,0,2014-08-10 09:30:02
2014-08-10 09:45:00,3142.0807065964,W,0,2014-08-10 09:45:01
2014-08-10 10:00:00,3064.2804358006,W,0,2014-08-10 10:00:02
2014-08-10 10:15:00,3154.4225659371,W,0,2014-08-10 10:15:04
2014-08-10 10:30:00,2625.4657685757,W,0,2014-08-10 10:30:04
2014-08-10 10:45:00,2623.6440804005,W,0,2014-08-10 10:45:04
2014-08-10 11:00:00,3569.3385400772,W,0,2014-08-10 11:00:06
2014-08-10 11:15:00,3398.4858369827,W,0,2014-08-10 11:15:01
2014-08-10 11:30:00,3359.6581995487,W,0,2014-08-10 11:30:01
2014-08-10 11:45:00,2988.7274069786,W,0,2014-08-10 11:45:05
2014-08-10 12:00:00,3127.4072885513,W,0,2014-08-10 12:00:02
2014-08-10 12:15:00,2996.5759019852,W,0,2014-08-10 12:15:05
2014-08-10 12:30:00,3116.7360086441,W,0,2014-08-10 12:30:06
2014-08-10 12:45:00,2680.9526357651,W,0,2014-08-10 12:45:02
2014-08-10 13:00:00,3528.6045246124,W,0,2014-08-10 13:00:04
2014-08-10 13:15:00,3641.4321160317,W,0,2014-08-10 13:15:04
2014-08-10 13:30:00,3499.5344376564,W,0,2014-08-10 13:30:00
2014-08-10 13:45:00,3263.5680248737,W,0,2014-08-10 13:45:05
2014-08-10 14:00:00,4052.6948816776,W,0,2014-08-10 14:00:06
2014-08-10 14:15:00,2754.3138961792,W,0,2014-08-10 14:15:00
2014-08-10 14:30:00,3653.1403465271,W,0,2014-08-10 14:30:05
2014-08-10 14:45:00,3401.1612999439,W,0,2014-08-10 14:45:00
2014-08-10 15:00:00,3214.4566426277,W,0,2014-08-10 15:00:04
2014-08-10 15:15:00,3237.7132203579,W,0,2014-08-10 15:15:05
2014-08-10 15:30:00,3449.0931432247,W,0,2014-08-10 15:30:04
2014-08-10 15:45:00,3351.8172864914,W,0,2014-08-10 15:45:01
2014-08-10 16:00:00,2810.0528230667,W,0,2014-08-10 16:00:00
2014-08-10 16:15:00,2951.0873365402,W,0,2014-08-10 16:15:01
2014-08-10 16:30:00,2658.7559337616,W,0,2014-08-10 16:30:00
2014-08-10 16:45:00,2378.0567193031,W,0,2014-08-10 16:45:07
2014-08-10 17:00:00,3554.3174791336,W,0,2014-08-10 17:00:04
2014-08-10 17:15:00,3444.7689619064,W,0,2014-08-10 17:15:04
2014-08-10 17:30:00,2635.6515703201,W,0,2014-08-10 17:30:01
2014-08-10 17:45:00,3558.4698314667,W,0,2014-08-10 17:45:01
2014-08-10 18:00:00,4661.0444507599,W,0,2014-08-10 18:00:01
2014-08-10 18:15:00,2787.3463084698,W,0,2014-08-10 18:15:01
2014-08-10 18:30:00,2830.0894711018,W,0,2014-08-10 18:30:03
2014-08-10 18:45:00,3509.0265698433,W,0,2014-08-10 18:45:03
2014-08-10 19:00:00,3357.2721557617,W,0,2014-08-10 19:00:01
2014-08-10 19:15:00,3628.6738510132,W,0,2014-08-10 19:15:03
2014-08-10 19:30:00,3476.124609232,W,0,2014-08-10 19:30:05
2014-08-10 19:45:00,3287.221054554,W,0,2014-08-10 19:45:04
2014-08-10 20:00:00,3134.7718443871,W,0,2014-08-10 20:00:02
2014-08-10 20:15:00,3127.6747064591,W,0,2014-08-10 20:15:01
2014-08-10 20:30:00,3867.8987407684,W,0,2014-08-10 20:30:02
2014-08-10 20:45:00,3205.5079698563,W,0,2014-08-10 20:45:01
2014-08-10 21:00:00,3128.5466766358,W,0,2014-08-10 21:00:04
2014-08-10 21:15:00,2843.4413795471,W,0,2014-08-10 21:15:04
2014-08-10 21:30:00,2991.9379415512,W,0,2014-08-10 21:30:06
2014-08-10 21:45:00,2257.7003507614,W,0,2014-08-10 21:45:04
2014-08-10 22:00:00,3412.8033266068,W,0,2014-08-10 22:00:05
2014-08-10 22:15:00,3240.7132139206,W,0,2014-08-10 22:15:02
2014-08-10 22:30:00,3329.4736514092,W,0,2014-08-10 22:30:00
2014-08-10 22:45:00,3357.2863519192,W,0,2014-08-10 22:45:06
2014-08-10 23:00:00,3205.0987648964,W,0,2014-08-10 23:00:01
2014-08-10 23:15:00,3360.1833279133,W,0,2014-08-10 23:15:00
2014-08-10 23:30:00,3095.6860780716,W,0,2014-08-10 23:30:05
2014-08-10 23:45:00,4396.9419498444,W,0,2014-08-10 23:45:00
2014-08-11 00:00:00,3406.2705516815,W,0,2014-08-11 00:00:05
2014-08-11 00:15:00,2579.1751360893,W,0,2014-08-11 00:15:08
2014-08-11 00:30:00,3291.8569595814,W,0,2014-08-11 00:30:00
2014-08-11 00:45:00,3720.942047596,W,0,2014-08-11 00:45:03
2014-08-11 01:00:00,3119.7983319759,W,0,2014-08-11 01:00:03
2014-08-11 01:15:00,3353.3802986145,W,0,2014-08-11 01:15:00
2014-08-11 01:30:00,3144.0689048767,W,0,2014-08-11 01:30:09
2014-08-11 01:45:00,2978.2475037575,W,0,2014-08-11 01:45:04
2014-08-11 02:00:00,2837.1694467068,W,0,2014-08-11 02:00:00
2014-08-11 02:15:00,3011.0197882652,W,0,2014-08-11 02:15:03
2014-08-11 02:30:00,3575.1479341984,W,0,2014-08-11 02:30:02
2014-08-11 02:45:00,3489.0602703095,W,0,2014-08-11 02:45:00
2014-08-11 03:00:00,3194.3650751114,W,0,2014-08-11 03:00:03
2014-08-11 03:15:00,3530.2928953171,W,0,2014-08-11 03:15:03
2014-08-11 03:30:00,3078.0190029144,W,0,2014-08-11 03:30:00
2014-08-11 03:45:00,3068.9494175911,W,0,2014-08-11 03:45:00
2014-08-11 04:00:00,3084.9288189411,W,0,2014-08-11 04:00:03
2014-08-11 04:15:00,3371.8415555954,W,0,2014-08-11 04:15:04
2014-08-11 04:30:00,3405.5200090408,W,0,2014-08-11 04:30:01
2014-08-11 04:45:00,2752.1436090469,W,0,2014-08-11 04:45:00
2014-08-11 05:00:00,2615.4751462936,W,0,2014-08-11 05:00:00
2014-08-11 05:15:00,3690.9665255547,W,0,2014-08-11 05:15:05
2014-08-11 05:30:00,3643.1991465092,W,0,2014-08-11 05:30:10
2014-08-11 05:45:00,3346.360704422,W,0,2014-08-11 05:45:00
2014-08-11 06:00:00,2978.9636487961,W,0,2014-08-11 06:00:07
2014-08-11 06:15:00,5220.4724817276,W,0,2014-08-11 06:15:03
2014-08-11 06:30:00,3077.5397152901,W,0,2014-08-11 06:30:00
2014-08-11 06:45:00,2568.4243731499,W,0,2014-08-11 06:45:04
2014-08-11 07:00:00,2594.3280854225,W,0,2014-08-11 07:00:06
2014-08-11 07:15:00,3473.7003016472,W,0,2014-08-11 07:15:04
2014-08-11 07:30:00,3504.0699110031,W,0,2014-08-11 07:30:01
2014-08-11 07:45:00,3636.4670543671,W,0,2014-08-11 07:45:09
2014-08-11 08:00:00,3530.0589134693,W,0,2014-08-11 08:00:01
2014-08-11 08:15:00,6957.7989835739,W,0,2014-08-11 08:15:00
2014-08-11 08:30:00,7274.8576278687,W,0,2014-08-11 08:30:03
2014-08-11 08:45:00,8364.3231105805,W,0,2014-08-11 08:45:02
2014-08-11 09:00:00,9252.7424488068,W,0,2014-08-11 09:00:02
2014-08-11 09:15:00,10503.3380451202,W,0,2014-08-11 09:15:05
2014-08-11 09:30:00,11646.9629516602,W,0,2014-08-11 09:30:06
2014-08-11 09:45:00,12289.0729217529,W,0,2014-08-11 09:45:02
2014-08-11 10:00:00,12412.0378875732,W,0,2014-08-11 10:00:05
2014-08-11 10:15:00,14486.991104126,W,0,2014-08-11 10:15:01
2014-08-11 10:30:00,14540.3952331543,W,0,2014-08-11 10:30:02
2014-08-11 10:45:00,15967.6862182617,W,0,2014-08-11 10:45:02
2014-08-11 11:00:00,14508.826675415,W,0,2014-08-11 11:00:10
2014-08-11 11:15:00,14170.9235839844,W,0,2014-08-11 11:15:02
2014-08-11 11:30:00,14942.3264465332,W,0,2014-08-11 11:30:09
2014-08-11 11:45:00,14295.4138793945,W,0,2014-08-11 11:45:07
2014-08-11 12:00:00,14234.906124115,W,0,2014-08-11 12:00:05
2014-08-11 12:15:00,12381.247467041,W,0,2014-08-11 12:15:00
2014-08-11 12:30:00,13540.2937469482,W,0,2014-08-11 12:30:00
2014-08-11 12:45:00,13348.3288116455,W,0,2014-08-11 12:45:01
2014-08-11 13:00:00,13761.7137145996,W,0,2014-08-11 13:00:01
2014-08-11 13:15:00,16036.0470733643,W,0,2014-08-11 13:15:07
2014-08-11 13:30:00,16222.0066375732,W,0,2014-08-11 13:30:05
2014-08-11 13:45:00,14336.5474090576,W,0,2014-08-11 13:45:00
2014-08-11 14:00:00,12715.9206314087,W,0,2014-08-11 14:00:05
2014-08-11 14:15:00,12582.0821800232,W,0,2014-08-11 14:15:06
2014-08-11 14:30:00,13344.0693969727,W,0,2014-08-11 14:30:00
2014-08-11 14:45:00,13207.6982727051,W,0,2014-08-11 14:45:03
2014-08-11 15:00:00,12676.6333618164,W,0,2014-08-11 15:00:03
2014-08-11 15:15:00,11671.7064704895,W,0,2014-08-11 15:15:05
2014-08-11 15:30:00,12293.1169586182,W,0,2014-08-11 15:30:02
2014-08-11 15:45:00,12346.1497039795,W,0,2014-08-11 15:45:04
2014-08-11 16:00:00,13481.0221099854,W,0,2014-08-11 16:00:00
2014-08-11 16:15:00,10051.8704681396,W,0,2014-08-11 16:15:01
2014-08-11 16:30:00,13298.5726318359,W,0,2014-08-11 16:30:10
2014-08-11 16:45:00,12591.3151550293,W,0,2014-08-11 16:45:09
2014-08-11 17:00:00,12079.0153961182,W,0,2014-08-11 17:00:02
2014-08-11 17:15:00,12670.7433013916,W,0,2014-08-11 17:15:08
2014-08-11 17:30:00,11055.0146331787,W,0,2014-08-11 17:30:04
2014-08-11 17:45:00,7751.0013809204,W,0,2014-08-11 17:45:04
2014-08-11 18:00:00,9659.9033660889,W,0,2014-08-11 18:00:06
2014-08-11 18:15:00,8836.8952636719,W,0,2014-08-11 18:15:05
2014-08-11 18:30:00,8229.9062042236,W,0,2014-08-11 18:30:05
2014-08-11 18:45:00,7350.0728378296,W,0,2014-08-11 18:45:07
2014-08-11 19:00:00,5539.9677906036,W,0,2014-08-11 19:00:09
2014-08-11 19:15:00,5614.5235710144,W,0,2014-08-11 19:15:02
2014-08-11 19:30:00,7599.142332077,W,0,2014-08-11 19:30:03
2014-08-11 19:45:00,7704.2466902733,W,0,2014-08-11 19:45:01
2014-08-11 20:00:00,6070.1921796799,W,0,2014-08-11 20:00:04
2014-08-11 20:15:00,3996.0296554566,W,0,2014-08-11 20:15:01
2014-08-11 20:30:00,7982.6899185181,W,0,2014-08-11 20:30:04
2014-08-11 20:45:00,3905.849439621,W,0,2014-08-11 20:45:09
2014-08-11 21:00:00,6804.4438114166,W,0,2014-08-11 21:00:04
2014-08-11 21:15:00,4444.5267987251,W,0,2014-08-11 21:15:07
2014-08-11 21:30:00,4060.8683052063,W,0,2014-08-11 21:30:07
2014-08-11 21:45:00,4653.7960908413,W,0,2014-08-11 21:45:05
2014-08-11 22:00:00,4480.7229831219,W,0,2014-08-11 22:00:05
2014-08-11 22:15:00,5166.1569671631,W,0,2014-08-11 22:15:00
2014-08-11 22:30:00,3263.9538354874,W,0,2014-08-11 22:30:01
2014-08-11 22:45:00,3176.4699978829,W,0,2014-08-11 22:45:09
2014-08-11 23:00:00,3305.4750483036,W,0,2014-08-11 23:00:06
2014-08-11 23:15:00,2737.8935923576,W,0,2014-08-11 23:15:04
2014-08-11 23:30:00,3465.3487195969,W,0,2014-08-11 23:30:08
2014-08-11 23:45:00,4440.6501941681,W,0,2014-08-11 23:45:00
2014-08-12 00:00:00,3395.5195169449,W,0,2014-08-12 00:00:04
2014-08-12 00:15:00,3297.4281508923,W,0,2014-08-12 00:15:02
2014-08-12 00:30:00,3267.3035805225,W,0,2014-08-12 00:30:01
2014-08-12 00:45:00,3413.6141364575,W,0,2014-08-12 00:49:00
2014-08-12 01:00:00,2427.8107450008,W,0,2014-08-12 01:00:02
2014-08-12 01:15:00,2870.2876996994,W,0,2014-08-12 01:15:05
2014-08-12 01:30:00,3636.4896802902,W,0,2014-08-12 01:30:01
2014-08-12 01:45:00,3705.1548268795,W,0,2014-08-12 01:45:02
2014-08-12 02:00:00,3769.2430992127,W,0,2014-08-12 02:00:01
2014-08-12 02:15:00,3688.4435694218,W,0,2014-08-12 02:15:08
2014-08-12 02:30:00,3212.9317758083,W,0,2014-08-12 02:30:00
2014-08-12 02:45:00,3640.6780509949,W,0,2014-08-12 02:45:03
2014-08-12 03:00:00,3468.5532455444,W,0,2014-08-12 03:00:00
2014-08-12 03:15:00,3221.9833266735,W,0,2014-08-12 03:15:00
2014-08-12 03:30:00,3188.7085494995,W,0,2014-08-12 03:30:02
2014-08-12 03:45:00,2670.8705289364,W,0,2014-08-12 03:45:02
2014-08-12 04:00:00,3650.0954105854,W,0,2014-08-12 04:00:02
2014-08-12 04:15:00,3695.9458575249,W,0,2014-08-12 04:15:01
2014-08-12 04:30:00,3662.7175970078,W,0,2014-08-12 04:30:03
2014-08-12 04:45:00,3561.2976999283,W,0,2014-08-12 04:45:02
2014-08-12 05:00:00,5652.1190154553,W,0,2014-08-12 05:00:02
2014-08-12 05:15:00,3465.6647396088,W,0,2014-08-12 05:15:01
2014-08-12 05:30:00,2813.2290596962,W,0,2014-08-12 05:30:05
2014-08-12 05:45:00,3658.6570866108,W,0,2014-08-12 05:45:00
2014-08-12 06:00:00,2872.902466774,W,0,2014-08-12 06:00:01
2014-08-12 06:15:00,3459.7765979767,W,0,2014-08-12 06:15:06
2014-08-12 06:30:00,3390.8942797184,W,0,2014-08-12 06:30:03
2014-08-12 06:45:00,3307.5216629505,W,0,2014-08-12 06:45:00
2014-08-12 07:00:00,3277.1218235493,W,0,2014-08-12 07:00:01
2014-08-12 07:15:00,2816.6773033142,W,0,2014-08-12 07:15:04
2014-08-12 07:30:00,5932.2480335236,W,0,2014-08-12 07:30:02
2014-08-12 07:45:00,2875.5254917145,W,0,2014-08-12 07:45:11
2014-08-12 08:00:00,7842.3970937729,W,0,2014-08-12 08:00:00
2014-08-12 08:15:00,6593.7376651764,W,0,2014-08-12 08:15:03
2014-08-12 08:30:00,7805.7237997055,W,0,2014-08-12 08:30:00
2014-08-12 08:45:00,7777.1582927704,W,0,2014-08-12 08:45:04
2014-08-12 09:00:00,9963.0543308258,W,0,2014-08-12 09:00:05
2014-08-12 09:15:00,7791.3837213516,W,0,2014-08-12 09:15:04
2014-08-12 09:30:00,9724.942024231,W,0,2014-08-12 09:30:00
2014-08-12 09:45:00,10718.1940546036,W,0,2014-08-12 09:45:04
2014-08-12 10:00:00,13412.0116739273,W,0,2014-08-12 10:00:00
2014-08-12 10:15:00,10609.4127912521,W,0,2014-08-12 10:15:04
2014-08-12 10:30:00,12280.5210094452,W,0,2014-08-12 10:30:03
2014-08-12 10:45:00,9563.9525699616,W,0,2014-08-12 10:45:00
2014-08-12 11:00:00,9914.2568922043,W,0,2014-08-12 11:00:03
2014-08-12 11:15:00,9441.467625618,W,0,2014-08-12 11:15:04
2014-08-12 11:30:00,11913.7063503265,W,0,2014-08-12 11:30:04
2014-08-12 11:45:00,14611.7426347733,W,0,2014-08-12 11:45:02
2014-08-12 12:00:00,9763.8286428452,W,0,2014-08-12 12:00:01
2014-08-12 12:15:00,12981.3057413101,W,0,2014-08-12 12:15:00
2014-08-12 12:30:00,10223.6522359848,W,0,2014-08-12 12:30:01
2014-08-12 12:45:00,11514.2679262161,W,0,2014-08-12 12:45:00
2014-08-12 13:00:00,10234.8762531281,W,0,2014-08-12 13:00:03
2014-08-12 13:15:00,10719.8176765442,W,0,2014-08-12 13:15:04
2014-08-12 13:30:00,11976.627076149,W,0,2014-08-12 13:30:03
2014-08-12 13:45:00,11642.3978004456,W,0,2014-08-12 13:45:01
2014-08-12 14:00:00,12473.7422409058,W,0,2014-08-12 14:00:03
2014-08-12 14:15:00,12416.3512010574,W,0,2014-08-12 14:15:06
2014-08-12 14:30:00,11565.2958450317,W,0,2014-08-12 14:30:02
2014-08-12 14:45:00,11480.4241638184,W,0,2014-08-12 14:45:02
2014-08-12 15:00:00,10831.8672943115,W,0,2014-08-12 15:00:03
2014-08-12 15:15:00,10860.1245117188,W,0,2014-08-12 15:15:06
2014-08-12 15:30:00,9411.2111663818,W,0,2014-08-12 15:30:05
2014-08-12 15:45:00,10472.300693512,W,0,2014-08-12 15:45:08
2014-08-12 16:00:00,11588.1531219482,W,0,2014-08-12 16:00:00
2014-08-12 16:15:00,12464.8250732422,W,0,2014-08-12 16:15:01
2014-08-12 16:30:00,10748.0656528473,W,0,2014-08-12 16:30:06
2014-08-12 16:45:00,9739.9071378708,W,0,2014-08-12 16:45:04
2014-08-12 17:00:00,10622.4291172028,W,0,2014-08-12 17:00:00
2014-08-12 17:15:00,10787.1303129196,W,0,2014-08-12 17:15:05
2014-08-12 17:30:00,11551.907201767,W,0,2014-08-12 17:30:03
2014-08-12 17:45:00,8186.4608392716,W,0,2014-08-12 17:45:03
2014-08-12 18:00:00,6785.0905342102,W,0,2014-08-12 18:00:04
2014-08-12 18:15:00,5437.9393720627,W,0,2014-08-12 18:15:02
2014-08-12 18:30:00,6861.1599750519,W,0,2014-08-12 18:30:02
2014-08-12 18:45:00,5700.4573600292,W,0,2014-08-12 18:45:04
2014-08-12 19:00:00,6564.8053240776,W,0,2014-08-12 19:00:00
2014-08-12 19:15:00,6141.3577423096,W,0,2014-08-12 19:15:04
2014-08-12 19:30:00,5017.9649581909,W,0,2014-08-12 19:30:04
2014-08-12 19:45:00,5031.2035117149,W,0,2014-08-12 19:45:02
2014-08-12 20:00:00,4179.3487417698,W,0,2014-08-12 20:00:04
2014-08-12 20:15:00,4172.9199550152,W,0,2014-08-12 20:15:06
2014-08-12 20:30:00,3636.10476017,W,0,2014-08-12 20:30:05
2014-08-12 20:45:00,4696.3411722183,W,0,2014-08-12 20:45:06
2014-08-12 21:00:00,3511.2786312103,W,0,2014-08-12 21:00:01
2014-08-12 21:15:00,3424.460817337,W,0,2014-08-12 21:15:05
2014-08-12 21:30:00,3396.0917181969,W,0,2014-08-12 21:30:04
2014-08-12 21:45:00,3542.6155736446,W,0,2014-08-12 21:45:04
2014-08-12 22:00:00,3815.5809907913,W,0,2014-08-12 22:00:00
2014-08-12 22:15:00,3572.2399568558,W,0,2014-08-12 22:15:05
2014-08-12 22:30:00,3378.7382259369,W,0,2014-08-12 22:30:03
2014-08-12 22:45:00,2712.8334262371,W,0,2014-08-12 22:45:02
2014-08-12 23:00:00,2711.7263491154,W,0,2014-08-12 23:00:03
2014-08-12 23:15:00,3637.1901607514,W,0,2014-08-12 23:15:08
2014-08-12 23:30:00,3513.984773159,W,0,2014-08-12 23:30:02
2014-08-12 23:45:00,3498.5181369782,W,0,2014-08-12 23:45:09
2014-08-13 00:00:00,3334.8620872498,W,0,2014-08-13 00:00:01
2014-08-13 00:15:00,3191.61577034,W,0,2014-08-13 00:15:00
2014-08-13 00:30:00,3316.860424757,W,0,2014-08-13 00:30:01
2014-08-13 00:45:00,3231.6470034123,W,0,2014-08-13 00:45:05
2014-08-13 01:00:00,3044.4762055874,W,0,2014-08-13 01:00:04
2014-08-13 01:15:00,2442.1124916077,W,0,2014-08-13 01:15:04
2014-08-13 01:30:00,3471.0244073868,W,0,2014-08-13 01:30:04
2014-08-13 01:45:00,3732.1305642128,W,0,2014-08-13 01:45:01
2014-08-13 02:00:00,3503.7021143437,W,0,2014-08-13 02:00:03
2014-08-13 02:15:00,3373.3540844917,W,0,2014-08-13 02:15:03
2014-08-13 02:30:00,3358.3882026672,W,0,2014-08-13 02:30:05
2014-08-13 02:45:00,3289.7118244171,W,0,2014-08-13 02:45:04
2014-08-13 03:00:00,2779.2472572327,W,0,2014-08-13 03:00:02
2014-08-13 03:15:00,3507.7582511902,W,0,2014-08-13 03:15:00
2014-08-13 03:30:00,2539.3825724125,W,0,2014-08-13 03:30:04
2014-08-13 03:45:00,2539.5038006306,W,0,2014-08-13 03:45:06
2014-08-13 04:00:00,2715.6630599499,W,0,2014-08-13 04:00:00
2014-08-13 04:15:00,3606.0186376572,W,0,2014-08-13 04:15:06
2014-08-13 04:30:00,3407.6847772598,W,0,2014-08-13 04:30:04
2014-08-13 04:45:00,3206.2705192566,W,0,2014-08-13 04:45:01
2014-08-13 05:00:00,3957.2223941088,W,0,2014-08-13 05:00:03
2014-08-13 05:15:00,2976.1908504963,W,0,2014-08-13 05:15:00
2014-08-13 05:30:00,3463.2461030483,W,0,2014-08-13 05:30:00
2014-08-13 05:45:00,3600.2759354115,W,0,2014-08-13 05:45:05
2014-08-13 06:00:00,3497.327293396,W,0,2014-08-13 06:00:04
2014-08-13 06:15:00,3286.4376926422,W,0,2014-08-13 06:15:03
2014-08-13 06:30:00,3690.6665756703,W,0,2014-08-13 06:30:01
2014-08-13 06:45:00,3111.5585789681,W,0,2014-08-13 06:45:03
2014-08-13 07:00:00,3625.3618123531,W,0,2014-08-13 07:00:00
2014-08-13 07:15:00,3958.1999893189,W,0,2014-08-13 07:15:01
2014-08-13 07:30:00,3590.6284809113,W,0,2014-08-13 07:30:00
2014-08-13 07:45:00,3567.0106239319,W,0,2014-08-13 07:45:01
2014-08-13 08:00:00,5934.7666425705,W,0,2014-08-13 08:00:01
2014-08-13 08:15:00,9479.2277362347,W,0,2014-08-13 08:15:08
2014-08-13 08:30:00,7325.8881835938,W,0,2014-08-13 08:30:01
2014-08-13 08:45:00,8840.2244586945,W,0,2014-08-13 08:45:01
2014-08-13 09:00:00,8901.1318159103,W,0,2014-08-13 09:00:08
2014-08-13 09:15:00,10414.7349700928,W,0,2014-08-13 09:15:04
2014-08-13 09:30:00,10416.1791687012,W,0,2014-08-13 09:30:05
2014-08-13 09:45:00,10559.2525520325,W,0,2014-08-13 09:45:06
2014-08-13 10:00:00,11058.7786254883,W,0,2014-08-13 10:00:05
2014-08-13 10:15:00,8894.9273338318,W,0,2014-08-13 10:15:05
2014-08-13 10:30:00,12025.1045837402,W,0,2014-08-13 10:30:05
2014-08-13 10:45:00,12104.728805542,W,0,2014-08-13 10:45:03
2014-08-13 11:00:00,10984.719581604,W,0,2014-08-13 11:00:00
2014-08-13 11:15:00,14124.9915466309,W,0,2014-08-13 11:15:01
2014-08-13 11:30:00,11888.571762085,W,0,2014-08-13 11:30:02
2014-08-13 11:45:00,11718.0495758057,W,0,2014-08-13 11:45:00
2014-08-13 12:00:00,13153.9425163269,W,0,2014-08-13 12:00:05
2014-08-13 12:15:00,11538.9486160278,W,0,2014-08-13 12:15:04
2014-08-13 12:30:00,11096.2186279297,W,0,2014-08-13 12:30:00
2014-08-13 12:45:00,11151.4237060547,W,0,2014-08-13 12:45:02
2014-08-13 13:00:00,11575.626739502,W,0,2014-08-13 13:00:02
2014-08-13 13:15:00,10611.9370002747,W,0,2014-08-13 13:15:01
2014-08-13 13:30:00,12084.0966796875,W,0,2014-08-13 13:30:08
2014-08-13 13:45:00,11360.5194549561,W,0,2014-08-13 13:45:05
2014-08-13 14:00:00,11030.4820861816,W,0,2014-08-13 14:00:08
2014-08-13 14:15:00,12315.7349700928,W,0,2014-08-13 14:15:01
2014-08-13 14:30:00,11524.517578125,W,0,2014-08-13 14:30:04
2014-08-13 14:45:00,15056.0713653564,W,0,2014-08-13 14:45:01
2014-08-13 15:00:00,11004.4714851379,W,0,2014-08-13 15:00:03
2014-08-13 15:15:00,13658.4465332031,W,0,2014-08-13 15:15:07
2014-08-13 15:30:00,10530.5500335693,W,0,2014-08-13 15:30:04
2014-08-13 15:45:00,11011.2934265137,W,0,2014-08-13 15:45:00
2014-08-13 16:00:00,14076.227142334,W,0,2014-08-13 16:00:03
2014-08-13 16:15:00,12560.4045009613,W,0,2014-08-13 16:15:01
2014-08-13 16:30:00,12943.8878517151,W,0,2014-08-13 16:30:04
2014-08-13 16:45:00,11865.0644645691,W,0,2014-08-13 16:45:01
2014-08-13 17:00:00,12146.9703903198,W,0,2014-08-13 17:00:03
2014-08-13 17:15:00,10449.2839622498,W,0,2014-08-13 17:15:04
2014-08-13 17:30:00,9335.7882003784,W,0,2014-08-13 17:30:05
2014-08-13 17:45:00,7407.330783844,W,0,2014-08-13 17:45:03
2014-08-13 18:00:00,8759.0813884735,W,0,2014-08-13 18:00:01
2014-08-13 18:15:00,4185.7085151672,W,0,2014-08-13 18:15:02
2014-08-13 18:30:00,6952.3421654701,W,0,2014-08-13 18:30:01
2014-08-13 18:45:00,6647.4782867432,W,0,2014-08-13 18:45:07
2014-08-13 19:00:00,6133.3397378922,W,0,2014-08-13 19:00:04
2014-08-13 19:15:00,6120.4825224876,W,0,2014-08-13 19:15:07
2014-08-13 19:30:00,6247.9612751007,W,0,2014-08-13 19:30:00
2014-08-13 19:45:00,3025.917270422,W,0,2014-08-13 19:45:03
2014-08-13 20:00:00,5123.6591796875,W,0,2014-08-13 20:00:01
2014-08-13 20:15:00,4571.0174863339,W,0,2014-08-13 20:15:03
2014-08-13 20:30:00,5236.5358939171,W,0,2014-08-13 20:30:04
2014-08-13 20:45:00,3364.4234390259,W,0,2014-08-13 20:45:00
2014-08-13 21:00:00,2901.6494455338,W,0,2014-08-13 21:00:01
2014-08-13 21:15:00,4110.9640831947,W,0,2014-08-13 21:15:02
2014-08-13 21:30:00,2664.6110863686,W,0,2014-08-13 21:30:03
2014-08-13 21:45:00,3423.9625036717,W,0,2014-08-13 21:45:07
2014-08-13 22:00:00,3359.8334264755,W,0,2014-08-13 22:00:03
2014-08-13 22:15:00,3197.0755434036,W,0,2014-08-13 22:15:03
2014-08-13 22:30:00,3233.5828456879,W,0,2014-08-13 22:30:07
2014-08-13 22:45:00,2177.5937409401,W,0,2014-08-13 22:45:02
2014-08-13 23:00:00,2540.5505785942,W,0,2014-08-13 23:00:05
2014-08-13 23:15:00,2733.3236179352,W,0,2014-08-13 23:15:07
2014-08-13 23:30:00,3330.1192843914,W,0,2014-08-13 23:30:02
2014-08-13 23:45:00,3309.2237710953,W,0,2014-08-13 23:45:00
2014-08-14 00:00:00,3113.4791564941,W,0,2014-08-14 00:00:04
2014-08-14 00:15:00,3158.1326625347,W,0,2014-08-14 00:15:01
2014-08-14 00:30:00,3212.1932144165,W,0,2014-08-14 00:30:00
2014-08-14 00:45:00,3160.524384737,W,0,2014-08-14 00:45:01
2014-08-14 01:00:00,3049.5118253231,W,0,2014-08-14 01:00:01
2014-08-14 01:15:00,3257.3301804066,W,0,2014-08-14 01:15:01
2014-08-14 01:30:00,2618.0570344925,W,0,2014-08-14 01:30:02
2014-08-14 01:45:00,3236.6126260758,W,0,2014-08-14 01:45:00
2014-08-14 02:00:00,3004.1421616078,W,0,2014-08-14 02:00:07
2014-08-14 02:15:00,3132.6454906464,W,0,2014-08-14 02:15:02
2014-08-14 02:30:00,3114.2428877354,W,0,2014-08-14 02:30:06
2014-08-14 02:45:00,2609.9562852383,W,0,2014-08-14 02:45:00
2014-08-14 03:00:00,3310.8476772308,W,0,2014-08-14 03:00:01
2014-08-14 03:15:00,3456.2982969284,W,0,2014-08-14 03:15:01
2014-08-14 03:30:00,3047.9575648308,W,0,2014-08-14 03:30:07
2014-08-14 03:45:00,3061.9489562512,W,0,2014-08-14 03:45:06
2014-08-14 04:00:00,2521.3652350903,W,0,2014-08-14 04:00:02
2014-08-14 04:15:00,3468.6965982914,W,0,2014-08-14 04:15:07
2014-08-14 04:30:00,3570.7300760746,W,0,2014-08-14 04:30:02
2014-08-14 04:45:00,3311.4545602799,W,0,2014-08-14 04:45:01
2014-08-14 05:00:00,3175.9668130875,W,0,2014-08-14 05:00:04
2014-08-14 05:15:00,3076.1443071365,W,0,2014-08-14 05:15:01
2014-08-14 05:30:00,2391.3074250221,W,0,2014-08-14 05:30:01
2014-08-14 05:45:00,3248.5658149719,W,0,2014-08-14 05:45:06
2014-08-14 06:00:00,3291.8223259449,W,0,2014-08-14 06:00:04
2014-08-14 06:15:00,2656.0206451416,W,0,2014-08-14 06:15:08
2014-08-14 06:30:00,3342.0463857651,W,0,2014-08-14 06:30:01
2014-08-14 06:45:00,2922.9789075852,W,0,2014-08-14 06:45:06
2014-08-14 07:00:00,2986.0451211929,W,0,2014-08-14 07:00:03
2014-08-14 07:15:00,3534.9871253967,W,0,2014-08-14 07:15:02
2014-08-14 07:30:00,7300.8328809738,W,0,2014-08-14 07:30:01
2014-08-14 07:45:00,3317.5563306809,W,0,2014-08-14 07:45:00
2014-08-14 08:00:00,5149.0948467255,W,0,2014-08-14 08:00:03
2014-08-14 08:15:00,5965.7933139801,W,0,2014-08-14 08:15:03
2014-08-14 08:30:00,8121.6983509064,W,0,2014-08-14 08:30:03
2014-08-14 08:45:00,8834.7069473267,W,0,2014-08-14 08:45:06
2014-08-14 09:00:00,9493.3923826218,W,0,2014-08-14 09:00:02
2014-08-14 09:15:00,9387.1911067963,W,0,2014-08-14 09:15:01
2014-08-14 09:30:00,9986.7048978806,W,0,2014-08-14 09:30:03
2014-08-14 09:45:00,10530.4694213867,W,0,2014-08-14 09:45:00
2014-08-14 10:00:00,10566.3397979736,W,0,2014-08-14 10:00:04
2014-08-14 10:15:00,10652.2490386963,W,0,2014-08-14 10:15:07
2014-08-14 10:30:00,10215.4266929626,W,0,2014-08-14 10:30:06
2014-08-14 10:45:00,12768.1064605713,W,0,2014-08-14 10:45:03
2014-08-14 11:00:00,11101.9493560791,W,0,2014-08-14 11:00:05
2014-08-14 11:15:00,10662.9775543213,W,0,2014-08-14 11:15:01
2014-08-14 11:30:00,10366.4114618301,W,0,2014-08-14 11:30:03
2014-08-14 11:45:00,10183.9169559479,W,0,2014-08-14 11:45:07
2014-08-14 12:00:00,12625.8672790527,W,0,2014-08-14 12:00:00
2014-08-14 12:15:00,10921.6457099915,W,0,2014-08-14 12:15:04
2014-08-14 12:30:00,8173.094034195,W,0,2014-08-14 12:30:07
2014-08-14 12:45:00,9166.1964397431,W,0,2014-08-14 12:45:03
2014-08-14 13:00:00,10421.1450462341,W,0,2014-08-14 13:00:06
2014-08-14 13:15:00,10635.0940895081,W,0,2014-08-14 13:15:03
2014-08-14 13:30:00,9904.874786377,W,0,2014-08-14 13:30:01
2014-08-14 13:45:00,10996.8008975983,W,0,2014-08-14 13:45:03
2014-08-14 14:00:00,12070.3602018356,W,0,2014-08-14 14:00:03
2014-08-14 14:15:00,9742.0016489029,W,0,2014-08-14 14:15:07
2014-08-14 14:30:00,11333.6325435638,W,0,2014-08-14 14:30:01
2014-08-14 14:45:00,9578.2054805756,W,0,2014-08-14 14:45:05
2014-08-14 15:00:00,10150.7970952988,W,0,2014-08-14 15:00:00
2014-08-14 15:15:00,10385.0216064453,W,0,2014-08-14 15:15:07
2014-08-14 15:30:00,8814.5068283081,W,0,2014-08-14 15:30:04
2014-08-14 15:45:00,10454.9779129028,W,0,2014-08-14 15:45:03
2014-08-14 16:00:00,10106.2928733826,W,0,2014-08-14 16:00:05
2014-08-14 16:15:00,9660.8298006058,W,0,2014-08-14 16:15:01
2014-08-14 16:30:00,10098.2251787186,W,0,2014-08-14 16:30:04
2014-08-14 16:45:00,8477.9607563019,W,0,2014-08-14 16:45:00
2014-08-14 17:00:00,8591.9886050224,W,0,2014-08-14 17:00:09
2014-08-14 17:15:00,8764.3134365082,W,0,2014-08-14 17:15:03
2014-08-14 17:30:00,7796.7969431877,W,0,2014-08-14 17:30:00
2014-08-14 17:45:00,6377.5061607361,W,0,2014-08-14 17:45:00
2014-08-14 18:00:00,7050.5826511383,W,0,2014-08-14 18:00:06
2014-08-14 18:15:00,7909.0912647247,W,0,2014-08-14 18:15:02
2014-08-14 18:30:00,8444.4637203217,W,0,2014-08-14 18:30:02
2014-08-14 18:45:00,5270.3518052101,W,0,2014-08-14 18:45:02
2014-08-14 19:00:00,6782.1464395523,W,0,2014-08-14 19:00:10
2014-08-14 19:15:00,4517.1595072746,W,0,2014-08-14 19:15:01
2014-08-14 19:30:00,5613.3797016144,W,0,2014-08-14 19:30:02
2014-08-14 19:45:00,4249.9526572228,W,0,2014-08-14 19:45:02
2014-08-14 20:00:00,4097.1923112869,W,0,2014-08-14 20:00:09
2014-08-14 20:15:00,4055.5967082977,W,0,2014-08-14 20:15:00
2014-08-14 20:30:00,4040.0468475819,W,0,2014-08-14 20:30:06
2014-08-14 20:45:00,3496.1352267265,W,0,2014-08-14 20:45:05
2014-08-14 21:00:00,3133.9376926422,W,0,2014-08-14 21:00:02
2014-08-14 21:15:00,3408.4860868454,W,0,2014-08-14 21:15:06
2014-08-14 21:30:00,5474.4553432465,W,0,2014-08-14 21:30:05
2014-08-14 21:45:00,2259.6267538071,W,0,2014-08-14 21:45:02
2014-08-14 22:00:00,2469.4415724278,W,0,2014-08-14 22:00:04
2014-08-14 22:15:00,3048.7817568779,W,0,2014-08-14 22:15:03
2014-08-14 22:30:00,3930.8480606079,W,0,2014-08-14 22:30:03
2014-08-14 22:45:00,3710.5809175968,W,0,2014-08-14 22:45:01
2014-08-14 23:00:00,3822.2615060806,W,0,2014-08-14 23:00:04
2014-08-14 23:15:00,3958.64407444,W,0,2014-08-14 23:15:02
2014-08-14 23:30:00,3718.8114745617,W,0,2014-08-14 23:30:09
2014-08-14 23:45:00,3010.089758873,W,0,2014-08-14 23:45:03
