2014-08-05 00:00:00,0,W,0,2014-08-05 00:00:01
2014-08-05 00:15:00,0,W,0,2014-08-05 00:15:08
2014-08-05 00:30:00,0,W,0,2014-08-05 00:30:00
2014-08-05 00:45:00,0,W,0,2014-08-05 00:45:07
2014-08-05 01:00:00,0,W,0,2014-08-05 01:00:00
2014-08-05 01:15:00,0,W,0,2014-08-05 01:15:05
2014-08-05 01:30:00,0,W,0,2014-08-05 01:30:08
2014-08-05 01:45:00,0,W,0,2014-08-05 01:45:01
2014-08-05 02:00:00,0,W,0,2014-08-05 02:00:03
2014-08-05 02:15:00,0,W,0,2014-08-05 02:15:06
2014-08-05 02:30:00,0,W,0,2014-08-05 02:30:08
2014-08-05 02:45:00,0,W,0,2014-08-05 02:45:01
2014-08-05 03:00:00,0,W,0,2014-08-05 03:00:04
2014-08-05 03:15:00,0,W,0,2014-08-05 03:15:03
2014-08-05 03:30:00,0,W,0,2014-08-05 03:30:06
2014-08-05 03:45:00,0,W,0,2014-08-05 03:45:09
2014-08-05 04:00:00,0,W,0,2014-08-05 04:00:01
2014-08-05 04:15:00,0,W,0,2014-08-05 04:15:04
2014-08-05 04:30:00,0,W,0,2014-08-05 04:30:07
2014-08-05 04:45:00,0,W,0,2014-08-05 04:45:09
2014-08-05 05:00:00,0,W,0,2014-08-05 05:00:28
2014-08-05 05:15:00,0,W,0,2014-08-05 05:15:00
2014-08-05 05:30:00,0,W,0,2014-08-05 05:30:02
2014-08-05 05:45:00,0,W,0,2014-08-05 05:45:05
2014-08-05 06:00:00,0,W,0,2014-08-05 06:00:07
2014-08-05 06:15:00,0,W,0,2014-08-05 06:15:01
2014-08-05 06:30:00,0,W,0,2014-08-05 06:30:07
2014-08-05 06:45:00,0,W,0,2014-08-05 06:45:00
2014-08-05 07:00:00,15,W,0,2014-08-05 07:00:03
2014-08-05 07:15:00,25,W,0,2014-08-05 07:15:08
2014-08-05 07:30:00,112,W,0,2014-08-05 07:30:03
2014-08-05 07:45:00,107,W,0,2014-08-05 07:45:04
2014-08-05 08:00:00,535,W,0,2014-08-05 08:00:08
2014-08-05 08:15:00,868,W,0,2014-08-05 08:15:01
2014-08-05 08:30:00,661,W,0,2014-08-05 08:30:08
2014-08-05 08:45:00,457,W,0,2014-08-05 08:45:01
2014-08-05 09:00:00,718,W,0,2014-08-05 09:00:04
2014-08-05 09:15:00,1501,W,0,2014-08-05 09:15:08
2014-08-05 09:30:00,1507,W,0,2014-08-05 09:30:01
2014-08-05 09:45:00,1224,W,0,2014-08-05 09:45:07
2014-08-05 10:00:00,1381,W,0,2014-08-05 10:00:01
2014-08-05 10:15:00,856,W,0,2014-08-05 10:15:11
2014-08-05 10:30:00,888,W,0,2014-08-05 10:30:05
2014-08-05 10:45:00,2315,W,0,2014-08-05 10:45:06
2014-08-05 11:00:00,3538,W,0,2014-08-05 11:00:11
2014-08-05 11:15:00,1319,W,0,2014-08-05 11:15:08
2014-08-05 11:30:00,912,W,0,2014-08-05 11:30:01
2014-08-05 11:45:00,1196,W,0,2014-08-05 11:45:04
2014-08-05 12:00:00,3772,W,0,2014-08-05 12:00:07
2014-08-05 12:15:00,932,W,0,2014-08-05 12:15:09
2014-08-05 12:30:00,831,W,0,2014-08-05 12:30:04
2014-08-05 12:45:00,1081,W,0,2014-08-05 12:45:08
2014-08-05 13:00:00,1050,W,0,2014-08-05 13:00:02
2014-08-05 13:15:00,1662,W,0,2014-08-05 13:15:07
2014-08-05 13:30:00,1234,W,0,2014-08-05 13:30:01
2014-08-05 13:45:00,1248,W,0,2014-08-05 13:45:05
2014-08-05 14:00:00,750,W,0,2014-08-05 14:00:11
2014-08-05 14:15:00,521,W,0,2014-08-05 14:15:05
2014-08-05 14:30:00,951,W,0,2014-08-05 14:30:13
2014-08-05 14:45:00,812,W,0,2014-08-05 14:45:06
2014-08-05 15:00:00,866,W,0,2014-08-05 15:00:10
2014-08-05 15:15:00,73,W,0,2014-08-05 15:15:04
2014-08-05 15:30:00,98,W,0,2014-08-05 15:30:11
2014-08-05 15:45:00,27,W,0,2014-08-05 15:45:08
2014-08-05 16:00:00,65,W,0,2014-08-05 16:00:03
2014-08-05 16:15:00,319,W,0,2014-08-05 16:15:08
2014-08-05 16:30:00,904,W,0,2014-08-05 16:30:04
2014-08-05 16:45:00,1703,W,0,2014-08-05 16:45:09
2014-08-05 17:00:00,748,W,0,2014-08-05 17:00:02
2014-08-05 17:15:00,506,W,0,2014-08-05 17:15:05
2014-08-05 17:30:00,782,W,0,2014-08-05 17:30:09
2014-08-05 17:45:00,607,W,0,2014-08-05 17:45:02
2014-08-05 18:00:00,564,W,0,2014-08-05 18:00:10
2014-08-05 18:15:00,868,W,0,2014-08-05 18:15:03
2014-08-05 18:30:00,485,W,0,2014-08-05 18:30:06
2014-08-05 18:45:00,362,W,0,2014-08-05 18:45:02
2014-08-05 19:00:00,259,W,0,2014-08-05 19:00:07
2014-08-05 19:15:00,96,W,0,2014-08-05 19:15:05
2014-08-05 19:30:00,124,W,0,2014-08-05 19:30:02
2014-08-05 19:45:00,79,W,0,2014-08-05 19:45:06
2014-08-05 20:00:00,5,W,0,2014-08-05 20:00:10
2014-08-05 20:15:00,0,W,0,2014-08-05 20:15:03
2014-08-05 20:30:00,0,W,0,2014-08-05 20:30:09
2014-08-05 20:45:00,0,W,0,2014-08-05 20:45:02
2014-08-05 21:00:00,0,W,0,2014-08-05 21:00:06
2014-08-05 21:15:00,0,W,0,2014-08-05 21:15:09
2014-08-05 21:30:00,0,W,0,2014-08-05 21:30:01
2014-08-05 21:45:00,0,W,0,2014-08-05 21:45:04
2014-08-05 22:00:00,0,W,0,2014-08-05 22:00:07
2014-08-05 22:15:00,0,W,0,2014-08-05 22:15:00
2014-08-05 22:30:00,0,W,0,2014-08-05 22:30:03
2014-08-05 22:45:00,0,W,0,2014-08-05 22:45:08
2014-08-05 23:00:00,0,W,0,2014-08-05 23:00:02
2014-08-05 23:15:00,0,W,0,2014-08-05 23:15:08
2014-08-05 23:30:00,0,W,0,2014-08-05 23:30:00
2014-08-05 23:45:00,0,W,0,2014-08-05 23:45:03
2014-08-06 00:00:00,0,W,0,2014-08-06 00:00:09
2014-08-06 00:15:00,0,W,0,2014-08-06 00:15:02
2014-08-06 00:30:00,0,W,0,2014-08-06 00:30:05
2014-08-06 00:45:00,0,W,0,2014-08-06 00:45:09
2014-08-06 01:00:00,0,W,0,2014-08-06 01:00:02
2014-08-06 01:15:00,0,W,0,2014-08-06 01:15:09
2014-08-06 01:30:00,0,W,0,2014-08-06 01:30:02
2014-08-06 01:45:00,0,W,0,2014-08-06 01:45:12
2014-08-06 02:00:00,0,W,0,2014-08-06 02:00:05
2014-08-06 02:15:00,0,W,0,2014-08-06 02:15:08
2014-08-06 02:30:00,0,W,0,2014-08-06 02:30:03
2014-08-06 02:45:00,0,W,0,2014-08-06 02:45:09
2014-08-06 03:00:00,0,W,0,2014-08-06 03:00:02
2014-08-06 03:15:00,0,W,0,2014-08-06 03:15:04
2014-08-06 03:30:00,0,W,0,2014-08-06 03:30:06
2014-08-06 03:45:00,0,W,0,2014-08-06 03:45:00
2014-08-06 04:00:00,0,W,0,2014-08-06 04:00:02
2014-08-06 04:15:00,0,W,0,2014-08-06 04:15:07
2014-08-06 04:30:00,0,W,0,2014-08-06 04:30:00
2014-08-06 04:45:00,0,W,0,2014-08-06 04:45:05
2014-08-06 05:00:00,0,W,0,2014-08-06 05:00:09
2014-08-06 05:15:00,0,W,0,2014-08-06 05:15:00
2014-08-06 05:30:00,0,W,0,2014-08-06 05:30:03
2014-08-06 05:45:00,0,W,0,2014-08-06 05:45:06
2014-08-06 06:00:00,0,W,0,2014-08-06 06:00:09
2014-08-06 06:15:00,0,W,0,2014-08-06 06:15:01
2014-08-06 06:30:00,33,W,0,2014-08-06 06:30:04
2014-08-06 06:45:00,83,W,0,2014-08-06 06:45:07
2014-08-06 07:00:00,128,W,0,2014-08-06 07:00:00
2014-08-06 07:15:00,184,W,0,2014-08-06 07:15:02
2014-08-06 07:30:00,246,W,0,2014-08-06 07:30:05
2014-08-06 07:45:00,328,W,0,2014-08-06 07:45:08
2014-08-06 08:00:00,432,W,0,2014-08-06 08:00:02
2014-08-06 08:15:00,641,W,0,2014-08-06 08:15:04
2014-08-06 08:30:00,812,W,0,2014-08-06 08:30:06
2014-08-06 08:45:00,1055,W,0,2014-08-06 08:45:09
2014-08-06 09:00:00,1348,W,0,2014-08-06 09:00:04
2014-08-06 09:15:00,1923,W,0,2014-08-06 09:24:49
2014-08-06 09:30:00,1986,W,0,2014-08-06 09:30:01
2014-08-06 09:45:00,2204,W,0,2014-08-06 09:45:08
2014-08-06 10:00:00,2466,W,0,2014-08-06 10:00:02
2014-08-06 10:15:00,2772,W,0,2014-08-06 10:15:06
2014-08-06 10:30:00,3116,W,0,2014-08-06 10:30:09
2014-08-06 10:45:00,2060,W,0,2014-08-06 10:45:01
2014-08-06 11:00:00,1223,W,0,2014-08-06 11:00:04
2014-08-06 11:15:00,1119,W,0,2014-08-06 11:15:07
2014-08-06 11:30:00,3338,W,0,2014-08-06 11:30:00
2014-08-06 11:45:00,898,W,0,2014-08-06 11:45:05
2014-08-06 12:00:00,3666,W,0,2014-08-06 12:00:09
2014-08-06 12:15:00,3772,W,0,2014-08-06 12:15:03
2014-08-06 12:30:00,3461,W,0,2014-08-06 12:30:08
2014-08-06 12:45:00,3600,W,0,2014-08-06 12:45:02
2014-08-06 13:00:00,3773,W,0,2014-08-06 13:00:07
2014-08-06 13:15:00,3778,W,0,2014-08-06 13:15:02
2014-08-06 13:30:00,2196,W,0,2014-08-06 13:30:07
2014-08-06 13:45:00,3773,W,0,2014-08-06 13:45:02
2014-08-06 14:00:00,1545,W,0,2014-08-06 14:00:07
2014-08-06 14:15:00,1637,W,0,2014-08-06 14:15:02
2014-08-06 14:30:00,3715,W,0,2014-08-06 14:30:06
2014-08-06 14:45:00,3775,W,0,2014-08-06 14:45:01
2014-08-06 15:00:00,2366,W,0,2014-08-06 15:00:06
2014-08-06 15:15:00,3773,W,0,2014-08-06 15:15:01
2014-08-06 15:30:00,3765,W,0,2014-08-06 15:30:07
2014-08-06 15:45:00,3660,W,0,2014-08-06 15:45:02
2014-08-06 16:00:00,3019,W,0,2014-08-06 16:00:07
2014-08-06 16:15:00,823,W,0,2014-08-06 16:15:02
2014-08-06 16:30:00,829,W,0,2014-08-06 16:30:08
2014-08-06 16:45:00,2968,W,0,2014-08-06 16:45:03
2014-08-06 17:00:00,2699,W,0,2014-08-06 17:00:07
2014-08-06 17:15:00,2377,W,0,2014-08-06 17:15:01
2014-08-06 17:30:00,2258,W,0,2014-08-06 17:30:04
2014-08-06 17:45:00,2035,W,0,2014-08-06 17:45:07
2014-08-06 18:00:00,520,W,0,2014-08-06 18:00:00
2014-08-06 18:15:00,550,W,0,2014-08-06 18:15:03
2014-08-06 18:30:00,1143,W,0,2014-08-06 18:30:06
2014-08-06 18:45:00,945,W,0,2014-08-06 18:45:00
2014-08-06 19:00:00,577,W,0,2014-08-06 19:00:03
2014-08-06 19:15:00,636,W,0,2014-08-06 19:15:06
2014-08-06 19:30:00,354,W,0,2014-08-06 19:30:04
2014-08-06 19:45:00,177,W,0,2014-08-06 19:45:01
2014-08-06 20:00:00,52,W,0,2014-08-06 20:00:08
2014-08-06 20:15:00,0,W,0,2014-08-06 20:15:04
2014-08-06 20:30:00,0,W,0,2014-08-06 20:30:08
2014-08-06 20:45:00,0,W,0,2014-08-06 20:45:01
2014-08-06 21:00:00,0,W,0,2014-08-06 21:00:04
2014-08-06 21:15:00,0,W,0,2014-08-06 21:15:07
2014-08-06 21:30:00,0,W,0,2014-08-06 21:30:00
2014-08-06 21:45:00,0,W,0,2014-08-06 21:45:04
2014-08-06 22:00:00,0,W,0,2014-08-06 22:00:07
2014-08-06 22:15:00,0,W,0,2014-08-06 22:15:00
2014-08-06 22:30:00,0,W,0,2014-08-06 22:30:04
2014-08-06 22:45:00,0,W,0,2014-08-06 22:45:07
2014-08-06 23:00:00,0,W,0,2014-08-06 23:00:00
2014-08-06 23:15:00,0,W,0,2014-08-06 23:15:04
2014-08-06 23:30:00,0,W,0,2014-08-06 23:30:06
2014-08-06 23:45:00,0,W,0,2014-08-06 23:45:09
2014-08-07 00:00:00,0,W,0,2014-08-07 00:00:02
2014-08-07 00:15:00,0,W,0,2014-08-07 00:15:06
2014-08-07 00:30:00,0,W,0,2014-08-07 00:30:08
2014-08-07 00:45:00,0,W,0,2014-08-07 00:45:01
2014-08-07 01:00:00,0,W,0,2014-08-07 01:00:04
2014-08-07 01:15:00,0,W,0,2014-08-07 01:15:08
2014-08-07 01:30:00,0,W,0,2014-08-07 01:30:00
2014-08-07 01:45:00,0,W,0,2014-08-07 01:45:03
2014-08-07 02:00:00,0,W,0,2014-08-07 02:00:06
2014-08-07 02:15:00,0,W,0,2014-08-07 02:15:09
2014-08-07 02:30:00,0,W,0,2014-08-07 02:30:01
2014-08-07 02:45:00,0,W,0,2014-08-07 02:45:04
2014-08-07 03:00:00,0,W,0,2014-08-07 03:00:07
2014-08-07 03:15:00,0,W,0,2014-08-07 03:15:06
2014-08-07 03:30:00,0,W,0,2014-08-07 03:30:09
2014-08-07 03:45:00,0,W,0,2014-08-07 03:45:02
2014-08-07 04:00:00,0,W,0,2014-08-07 04:00:05
2014-08-07 04:15:00,0,W,0,2014-08-07 04:15:09
2014-08-07 04:30:00,0,W,0,2014-08-07 04:30:01
2014-08-07 04:45:00,0,W,0,2014-08-07 04:45:04
2014-08-07 05:00:00,0,W,0,2014-08-07 05:00:06
2014-08-07 05:15:00,0,W,0,2014-08-07 05:15:09
2014-08-07 05:30:00,0,W,0,2014-08-07 05:30:02
2014-08-07 05:45:00,0,W,0,2014-08-07 05:45:05
2014-08-07 06:00:00,0,W,0,2014-08-07 06:00:09
2014-08-07 06:15:00,0,W,0,2014-08-07 06:15:02
2014-08-07 06:30:00,0,W,0,2014-08-07 06:30:07
2014-08-07 06:45:00,11,W,0,2014-08-07 06:45:02
2014-08-07 07:00:00,65,W,0,2014-08-07 07:00:04
2014-08-07 07:15:00,69,W,0,2014-08-07 07:15:08
2014-08-07 07:30:00,43,W,0,2014-08-07 07:30:01
2014-08-07 07:45:00,144,W,0,2014-08-07 07:45:05
2014-08-07 08:00:00,249,W,0,2014-08-07 08:00:08
2014-08-07 08:15:00,314,W,0,2014-08-07 08:15:01
2014-08-07 08:30:00,449,W,0,2014-08-07 08:30:04
2014-08-07 08:45:00,551,W,0,2014-08-07 08:45:08
2014-08-07 09:00:00,606,W,0,2014-08-07 09:00:01
2014-08-07 09:15:00,970,W,0,2014-08-07 09:15:05
2014-08-07 09:30:00,1087,W,0,2014-08-07 09:30:09
2014-08-07 09:45:00,705,W,0,2014-08-07 09:45:02
2014-08-07 10:00:00,725,W,0,2014-08-07 10:00:06
2014-08-07 10:15:00,858,W,0,2014-08-07 10:15:08
2014-08-07 10:30:00,853,W,0,2014-08-07 10:30:01
2014-08-07 10:45:00,960,W,0,2014-08-07 10:45:06
2014-08-07 11:00:00,1779,W,0,2014-08-07 11:00:00
2014-08-07 11:15:00,2869,W,0,2014-08-07 11:15:03
2014-08-07 11:30:00,2135,W,0,2014-08-07 11:30:06
2014-08-07 11:45:00,2801,W,0,2014-08-07 11:45:01
2014-08-07 12:00:00,3724,W,0,2014-08-07 12:00:05
2014-08-07 12:15:00,2049,W,0,2014-08-07 12:15:08
2014-08-07 12:30:00,3728,W,0,2014-08-07 12:30:00
2014-08-07 12:45:00,2203,W,0,2014-08-07 12:45:05
2014-08-07 13:00:00,3499,W,0,2014-08-07 13:00:09
2014-08-07 13:15:00,3773,W,0,2014-08-07 13:15:04
2014-08-07 13:30:00,3783,W,0,2014-08-07 13:30:09
2014-08-07 13:45:00,1290,W,0,2014-08-07 13:45:04
2014-08-07 14:00:00,2884,W,0,2014-08-07 14:00:08
2014-08-07 14:15:00,3781,W,0,2014-08-07 14:15:00
2014-08-07 14:30:00,3773,W,0,2014-08-07 14:30:03
2014-08-07 14:45:00,3773,W,0,2014-08-07 14:45:07
2014-08-07 15:00:00,1424,W,0,2014-08-07 15:00:00
2014-08-07 15:15:00,1100,W,0,2014-08-07 15:15:03
2014-08-07 15:30:00,3773,W,0,2014-08-07 15:30:06
2014-08-07 15:45:00,1360,W,0,2014-08-07 15:45:10
2014-08-07 16:00:00,3773,W,0,2014-08-07 16:00:05
2014-08-07 16:15:00,953,W,0,2014-08-07 16:15:02
2014-08-07 16:30:00,884,W,0,2014-08-07 16:30:07
2014-08-07 16:45:00,724,W,0,2014-08-07 16:45:05
2014-08-07 17:00:00,858,W,0,2014-08-07 17:00:02
2014-08-07 17:15:00,999,W,0,2014-08-07 17:15:09
2014-08-07 17:30:00,682,W,0,2014-08-07 17:30:02
2014-08-07 17:45:00,257,W,0,2014-08-07 17:45:06
2014-08-07 18:00:00,0,W,0,2014-08-07 18:00:09
2014-08-07 18:15:00,0,W,0,2014-08-07 18:15:02
2014-08-07 18:30:00,45,W,0,2014-08-07 18:30:05
2014-08-07 18:45:00,183,W,0,2014-08-07 18:45:08
2014-08-07 19:00:00,522,W,0,2014-08-07 19:00:01
2014-08-07 19:15:00,641,W,0,2014-08-07 19:15:03
2014-08-07 19:30:00,296,W,0,2014-08-07 19:30:07
2014-08-07 19:45:00,168,W,0,2014-08-07 19:45:03
2014-08-07 20:00:00,50,W,0,2014-08-07 20:00:09
2014-08-07 20:15:00,11,W,0,2014-08-07 20:15:07
2014-08-07 20:30:00,0,W,0,2014-08-07 20:30:03
2014-08-07 20:45:00,0,W,0,2014-08-07 20:45:08
2014-08-07 21:00:00,0,W,0,2014-08-07 21:00:00
2014-08-07 21:15:00,0,W,0,2014-08-07 21:15:03
2014-08-07 21:30:00,0,W,0,2014-08-07 21:30:06
2014-08-07 21:45:00,0,W,0,2014-08-07 21:45:08
2014-08-07 22:00:00,0,W,0,2014-08-07 22:00:01
2014-08-07 22:15:00,0,W,0,2014-08-07 22:15:06
2014-08-07 22:30:00,0,W,0,2014-08-07 22:30:08
2014-08-07 22:45:00,0,W,0,2014-08-07 22:45:03
2014-08-07 23:00:00,0,W,0,2014-08-07 23:00:06
2014-08-07 23:15:00,0,W,0,2014-08-07 23:15:09
2014-08-07 23:30:00,0,W,0,2014-08-07 23:30:02
2014-08-07 23:45:00,0,W,0,2014-08-07 23:45:04
2014-08-08 00:00:00,0,W,0,2014-08-08 00:00:08
2014-08-08 00:15:00,0,W,0,2014-08-08 00:15:01
2014-08-08 00:30:00,0,W,0,2014-08-08 00:30:05
2014-08-08 00:45:00,0,W,0,2014-08-08 00:45:02
2014-08-08 01:00:00,0,W,0,2014-08-08 01:00:05
2014-08-08 01:15:00,0,W,0,2014-08-08 01:15:08
2014-08-08 01:30:00,0,W,0,2014-08-08 01:30:01
2014-08-08 01:45:00,0,W,0,2014-08-08 01:45:04
2014-08-08 02:00:00,0,W,0,2014-08-08 02:00:07
2014-08-08 02:15:00,0,W,0,2014-08-08 02:15:00
2014-08-08 02:30:00,0,W,0,2014-08-08 02:30:03
2014-08-08 02:45:00,0,W,0,2014-08-08 02:45:05
2014-08-08 03:00:00,0,W,0,2014-08-08 03:00:08
2014-08-08 03:15:00,0,W,0,2014-08-08 03:15:05
2014-08-08 03:30:00,0,W,0,2014-08-08 03:30:00
2014-08-08 03:45:00,0,W,0,2014-08-08 03:45:05
2014-08-08 04:00:00,0,W,0,2014-08-08 04:00:09
2014-08-08 04:15:00,0,W,0,2014-08-08 04:15:02
2014-08-08 04:30:00,0,W,0,2014-08-08 04:30:07
2014-08-08 04:45:00,0,W,0,2014-08-08 04:45:09
2014-08-08 05:00:00,0,W,0,2014-08-08 05:00:03
2014-08-08 05:15:00,0,W,0,2014-08-08 05:15:09
2014-08-08 05:30:00,0,W,0,2014-08-08 05:30:06
2014-08-08 05:45:00,0,W,0,2014-08-08 05:45:01
2014-08-08 06:00:00,0,W,0,2014-08-08 06:00:06
2014-08-08 06:15:00,0,W,0,2014-08-08 06:15:09
2014-08-08 06:30:00,1,W,0,2014-08-08 06:30:02
2014-08-08 06:45:00,24,W,0,2014-08-08 06:45:05
2014-08-08 07:00:00,49,W,0,2014-08-08 07:00:08
2014-08-08 07:15:00,70,W,0,2014-08-08 07:15:03
2014-08-08 07:30:00,104,W,0,2014-08-08 07:30:07
2014-08-08 07:45:00,164,W,0,2014-08-08 07:45:00
2014-08-08 08:00:00,305,W,0,2014-08-08 08:00:03
2014-08-08 08:15:00,625,W,0,2014-08-08 08:17:44
2014-08-08 08:30:00,807,W,0,2014-08-08 08:30:07
2014-08-08 08:45:00,1082,W,0,2014-08-08 08:45:07
2014-08-08 09:00:00,1442,W,0,2014-08-08 09:00:01
2014-08-08 09:15:00,1806,W,0,2014-08-08 09:15:04
2014-08-08 09:30:00,2085,W,0,2014-08-08 09:30:07
2014-08-08 09:45:00,2275,W,0,2014-08-08 09:45:00
2014-08-08 10:00:00,2547,W,0,2014-08-08 10:00:03
2014-08-08 10:15:00,2754,W,0,2014-08-08 10:15:06
2014-08-08 10:30:00,2937,W,0,2014-08-08 10:30:09
2014-08-08 10:45:00,3110,W,0,2014-08-08 10:45:02
2014-08-08 11:00:00,3292,W,0,2014-08-08 11:00:04
2014-08-08 11:15:00,3441,W,0,2014-08-08 11:15:07
2014-08-08 11:30:00,3576,W,0,2014-08-08 11:30:00
2014-08-08 11:45:00,3703,W,0,2014-08-08 11:45:03
2014-08-08 12:00:00,3778,W,0,2014-08-08 12:00:06
2014-08-08 12:15:00,3777,W,0,2014-08-08 12:15:09
2014-08-08 12:30:00,3752,W,0,2014-08-08 12:30:02
2014-08-08 12:45:00,3432,W,0,2014-08-08 12:45:06
2014-08-08 13:00:00,3773,W,0,2014-08-08 13:00:00
2014-08-08 13:15:00,3554,W,0,2014-08-08 13:15:05
2014-08-08 13:30:00,3772,W,0,2014-08-08 13:30:09
2014-08-08 13:45:00,3772,W,0,2014-08-08 13:45:04
2014-08-08 14:00:00,3772,W,0,2014-08-08 14:00:07
2014-08-08 14:15:00,3781,W,0,2014-08-08 14:15:00
2014-08-08 14:30:00,2834,W,0,2014-08-08 14:30:03
2014-08-08 14:45:00,2118,W,0,2014-08-08 14:45:06
2014-08-08 15:00:00,1784,W,0,2014-08-08 15:00:09
2014-08-08 15:15:00,2305,W,0,2014-08-08 15:15:01
2014-08-08 15:30:00,1955,W,0,2014-08-08 15:30:04
2014-08-08 15:45:00,3786,W,0,2014-08-08 15:45:07
2014-08-08 16:00:00,3690,W,0,2014-08-08 16:00:00
2014-08-08 16:15:00,3337,W,0,2014-08-08 16:15:04
2014-08-08 16:30:00,3143,W,0,2014-08-08 16:30:08
2014-08-08 16:45:00,2614,W,0,2014-08-08 16:45:02
2014-08-08 17:00:00,2861,W,0,2014-08-08 17:00:08
2014-08-08 17:15:00,2331,W,0,2014-08-08 17:15:03
2014-08-08 17:30:00,2173,W,0,2014-08-08 17:30:09
2014-08-08 17:45:00,2131,W,0,2014-08-08 17:45:04
2014-08-08 18:00:00,1880,W,0,2014-08-08 18:00:09
2014-08-08 18:15:00,1668,W,0,2014-08-08 18:15:01
2014-08-08 18:30:00,379,W,0,2014-08-08 18:30:05
2014-08-08 18:45:00,155,W,0,2014-08-08 18:45:08
2014-08-08 19:00:00,110,W,0,2014-08-08 19:00:01
2014-08-08 19:15:00,541,W,0,2014-08-08 19:15:04
2014-08-08 19:30:00,34,W,0,2014-08-08 19:30:07
2014-08-08 19:45:00,57,W,0,2014-08-08 19:45:00
2014-08-08 20:00:00,71,W,0,2014-08-08 20:00:03
2014-08-08 20:15:00,19,W,0,2014-08-08 20:15:07
2014-08-08 20:30:00,0,W,0,2014-08-08 20:30:03
2014-08-08 20:45:00,0,W,0,2014-08-08 20:45:09
2014-08-08 21:00:00,0,W,0,2014-08-08 21:00:04
2014-08-08 21:15:00,0,W,0,2014-08-08 21:15:08
2014-08-08 21:30:00,0,W,0,2014-08-08 21:30:00
2014-08-08 21:45:00,0,W,0,2014-08-08 21:45:03
2014-08-08 22:00:00,0,W,0,2014-08-08 22:00:06
2014-08-08 22:15:00,0,W,0,2014-08-08 22:15:00
2014-08-08 22:30:00,0,W,0,2014-08-08 22:30:03
2014-08-08 22:45:00,0,W,0,2014-08-08 22:45:06
2014-08-08 23:00:00,0,W,0,2014-08-08 23:00:09
2014-08-08 23:15:00,0,W,0,2014-08-08 23:15:01
2014-08-08 23:30:00,0,W,0,2014-08-08 23:30:04
2014-08-08 23:45:00,0,W,0,2014-08-08 23:45:07
2014-08-09 00:00:00,0,W,0,2014-08-09 00:00:00
2014-08-09 00:15:00,0,W,0,2014-08-09 00:15:03
2014-08-09 00:30:00,0,W,0,2014-08-09 00:30:05
2014-08-09 00:45:00,0,W,0,2014-08-09 00:45:09
2014-08-09 01:00:00,0,W,0,2014-08-09 01:00:02
2014-08-09 01:15:00,0,W,0,2014-08-09 01:15:06
2014-08-09 01:30:00,0,W,0,2014-08-09 01:30:09
2014-08-09 01:45:00,0,W,0,2014-08-09 01:45:02
2014-08-09 02:00:00,0,W,0,2014-08-09 02:00:04
2014-08-09 02:15:00,0,W,0,2014-08-09 02:15:07
2014-08-09 02:30:00,0,W,0,2014-08-09 02:30:00
2014-08-09 02:45:00,0,W,0,2014-08-09 02:45:02
2014-08-09 03:00:00,0,W,0,2014-08-09 03:00:05
2014-08-09 03:15:00,0,W,0,2014-08-09 03:15:03
2014-08-09 03:30:00,0,W,0,2014-08-09 03:30:05
2014-08-09 03:45:00,0,W,0,2014-08-09 03:45:08
2014-08-09 04:00:00,0,W,0,2014-08-09 04:00:00
2014-08-09 04:15:00,0,W,0,2014-08-09 04:15:03
2014-08-09 04:30:00,0,W,0,2014-08-09 04:30:06
2014-08-09 04:45:00,0,W,0,2014-08-09 04:45:08
2014-08-09 05:00:00,0,W,0,2014-08-09 05:00:02
2014-08-09 05:15:00,0,W,0,2014-08-09 05:15:04
2014-08-09 05:30:00,0,W,0,2014-08-09 05:30:06
2014-08-09 05:45:00,0,W,0,2014-08-09 05:45:09
2014-08-09 06:00:00,0,W,0,2014-08-09 06:00:02
2014-08-09 06:15:00,0,W,0,2014-08-09 06:15:05
2014-08-09 06:30:00,0,W,0,2014-08-09 06:30:08
2014-08-09 06:45:00,17,W,0,2014-08-09 06:45:01
2014-08-09 07:00:00,19,W,0,2014-08-09 07:00:05
2014-08-09 07:15:00,46,W,0,2014-08-09 07:15:09
2014-08-09 07:30:00,73,W,0,2014-08-09 07:30:02
2014-08-09 07:45:00,111,W,0,2014-08-09 07:45:06
2014-08-09 08:00:00,261,W,0,2014-08-09 08:00:08
2014-08-09 08:15:00,582,W,0,2014-08-09 08:15:01
2014-08-09 08:30:00,771,W,0,2014-08-09 08:30:05
2014-08-09 08:45:00,1058,W,0,2014-08-09 08:45:07
2014-08-09 09:00:00,1449,W,0,2014-08-09 09:00:00
2014-08-09 09:15:00,1850,W,0,2014-08-09 09:15:03
2014-08-09 09:30:00,2118,W,0,2014-08-09 09:30:06
2014-08-09 09:45:00,1023,W,0,2014-08-09 09:45:08
2014-08-09 10:00:00,2200,W,0,2014-08-09 10:00:01
2014-08-09 10:15:00,2652,W,0,2014-08-09 10:15:04
2014-08-09 10:30:00,2945,W,0,2014-08-09 10:30:06
2014-08-09 10:45:00,3774,W,0,2014-08-09 10:45:09
2014-08-09 11:00:00,1654,W,0,2014-08-09 11:00:03
2014-08-09 11:15:00,2133,W,0,2014-08-09 11:15:07
2014-08-09 11:30:00,2665,W,0,2014-08-09 11:30:01
2014-08-09 11:45:00,2180,W,0,2014-08-09 11:45:07
2014-08-09 12:00:00,1584,W,0,2014-08-09 12:00:01
2014-08-09 12:15:00,1280,W,0,2014-08-09 12:15:06
2014-08-09 12:30:00,1017,W,0,2014-08-09 12:30:08
2014-08-09 12:45:00,1315,W,0,2014-08-09 12:45:01
2014-08-09 13:00:00,1386,W,0,2014-08-09 13:00:04
2014-08-09 13:15:00,1100,W,0,2014-08-09 13:15:07
2014-08-09 13:30:00,742,W,0,2014-08-09 13:30:00
2014-08-09 13:45:00,569,W,0,2014-08-09 13:45:02
2014-08-09 14:00:00,766,W,0,2014-08-09 14:00:06
2014-08-09 14:15:00,430,W,0,2014-08-09 14:15:00
2014-08-09 14:30:00,459,W,0,2014-08-09 14:30:05
2014-08-09 14:45:00,610,W,0,2014-08-09 14:45:09
2014-08-09 15:00:00,887,W,0,2014-08-09 15:00:05
2014-08-09 15:15:00,1633,W,0,2014-08-09 15:15:00
2014-08-09 15:30:00,1419,W,0,2014-08-09 15:30:05
2014-08-09 15:45:00,1320,W,0,2014-08-09 15:45:00
2014-08-09 16:00:00,2009,W,0,2014-08-09 16:00:06
2014-08-09 16:15:00,2193,W,0,2014-08-09 16:15:08
2014-08-09 16:30:00,2581,W,0,2014-08-09 16:30:01
2014-08-09 16:45:00,2418,W,0,2014-08-09 16:45:04
2014-08-09 17:00:00,2188,W,0,2014-08-09 17:00:07
2014-08-09 17:15:00,1791,W,0,2014-08-09 17:15:02
2014-08-09 17:30:00,948,W,0,2014-08-09 17:30:06
2014-08-09 17:45:00,973,W,0,2014-08-09 17:45:00
2014-08-09 18:00:00,759,W,0,2014-08-09 18:00:03
2014-08-09 18:15:00,614,W,0,2014-08-09 18:15:07
2014-08-09 18:30:00,485,W,0,2014-08-09 18:30:03
2014-08-09 18:45:00,468,W,0,2014-08-09 18:45:08
2014-08-09 19:00:00,385,W,0,2014-08-09 19:00:04
2014-08-09 19:15:00,320,W,0,2014-08-09 19:15:00
2014-08-09 19:30:00,160,W,0,2014-08-09 19:30:06
2014-08-09 19:45:00,125,W,0,2014-08-09 19:45:09
2014-08-09 20:00:00,78,W,0,2014-08-09 20:00:02
2014-08-09 20:15:00,5,W,0,2014-08-09 20:15:05
2014-08-09 20:30:00,0,W,0,2014-08-09 20:30:08
2014-08-09 20:45:00,0,W,0,2014-08-09 20:45:02
2014-08-09 21:00:00,0,W,0,2014-08-09 21:00:05
2014-08-09 21:15:00,0,W,0,2014-08-09 21:15:08
2014-08-09 21:30:00,0,W,0,2014-08-09 21:30:01
2014-08-09 21:45:00,0,W,0,2014-08-09 21:45:04
2014-08-09 22:00:00,0,W,0,2014-08-09 22:00:07
2014-08-09 22:15:00,0,W,0,2014-08-09 22:15:09
2014-08-09 22:30:00,0,W,0,2014-08-09 22:30:02
2014-08-09 22:45:00,0,W,0,2014-08-09 22:45:05
2014-08-09 23:00:00,0,W,0,2014-08-09 23:00:07
2014-08-09 23:15:00,0,W,0,2014-08-09 23:15:00
2014-08-09 23:30:00,0,W,0,2014-08-09 23:30:03
2014-08-09 23:45:00,0,W,0,2014-08-09 23:45:06
2014-08-10 00:00:00,0,W,0,2014-08-10 00:00:08
2014-08-10 00:15:00,0,W,0,2014-08-10 00:15:01
2014-08-10 00:30:00,0,W,0,2014-08-10 00:30:04
2014-08-10 00:45:00,0,W,0,2014-08-10 00:45:06
2014-08-10 01:00:00,0,W,0,2014-08-10 01:00:09
2014-08-10 01:15:00,0,W,0,2014-08-10 01:15:02
2014-08-10 01:30:00,0,W,0,2014-08-10 01:30:05
2014-08-10 01:45:00,0,W,0,2014-08-10 01:45:08
2014-08-10 02:00:00,0,W,0,2014-08-10 02:00:00
2014-08-10 02:15:00,0,W,0,2014-08-10 02:15:03
2014-08-10 02:30:00,0,W,0,2014-08-10 02:30:06
2014-08-10 02:45:00,0,W,0,2014-08-10 02:45:00
2014-08-10 03:00:00,0,W,0,2014-08-10 03:00:02
2014-08-10 03:15:00,0,W,0,2014-08-10 03:15:03
2014-08-10 03:30:00,0,W,0,2014-08-10 03:30:05
2014-08-10 03:45:00,0,W,0,2014-08-10 03:45:08
2014-08-10 04:00:00,0,W,0,2014-08-10 04:00:00
2014-08-10 04:15:00,0,W,0,2014-08-10 04:15:03
2014-08-10 04:30:00,0,W,0,2014-08-10 04:30:06
2014-08-10 04:45:00,0,W,0,2014-08-10 04:45:00
2014-08-10 05:00:00,0,W,0,2014-08-10 05:00:03
2014-08-10 05:15:00,0,W,0,2014-08-10 05:15:05
2014-08-10 05:30:00,0,W,0,2014-08-10 05:30:08
2014-08-10 05:45:00,0,W,0,2014-08-10 05:45:01
2014-08-10 06:00:00,0,W,0,2014-08-10 06:00:04
2014-08-10 06:15:00,0,W,0,2014-08-10 06:15:07
2014-08-10 06:30:00,32,W,0,2014-08-10 06:30:02
2014-08-10 06:45:00,78,W,0,2014-08-10 06:45:04
2014-08-10 07:00:00,154,W,0,2014-08-10 07:00:07
2014-08-10 07:15:00,107,W,0,2014-08-10 07:15:00
2014-08-10 07:30:00,69,W,0,2014-08-10 07:30:03
2014-08-10 07:45:00,263,W,0,2014-08-10 07:45:05
2014-08-10 08:00:00,477,W,0,2014-08-10 08:00:09
2014-08-10 08:15:00,709,W,0,2014-08-10 08:15:01
2014-08-10 08:30:00,637,W,0,2014-08-10 08:30:07
2014-08-10 08:45:00,1508,W,0,2014-08-10 08:45:00
2014-08-10 09:00:00,2052,W,0,2014-08-10 09:00:05
2014-08-10 09:15:00,1863,W,0,2014-08-10 09:15:08
2014-08-10 09:30:00,2028,W,0,2014-08-10 09:30:02
2014-08-10 09:45:00,2269,W,0,2014-08-10 09:45:05
2014-08-10 10:00:00,2568,W,0,2014-08-10 10:00:08
2014-08-10 10:15:00,1993,W,0,2014-08-10 10:15:01
2014-08-10 10:30:00,2880,W,0,2014-08-10 10:30:04
2014-08-10 10:45:00,3128,W,0,2014-08-10 10:45:06
2014-08-10 11:00:00,3188,W,0,2014-08-10 11:00:09
2014-08-10 11:15:00,3270,W,0,2014-08-10 11:15:02
2014-08-10 11:30:00,3455,W,0,2014-08-10 11:30:04
2014-08-10 11:45:00,3690,W,0,2014-08-10 11:45:09
2014-08-10 12:00:00,2864,W,0,2014-08-10 12:00:02
2014-08-10 12:15:00,3774,W,0,2014-08-10 12:15:06
2014-08-10 12:30:00,2943,W,0,2014-08-10 12:30:09
2014-08-10 12:45:00,3395,W,0,2014-08-10 12:45:04
2014-08-10 13:00:00,3772,W,0,2014-08-10 13:00:09
2014-08-10 13:15:00,3772,W,0,2014-08-10 13:15:04
2014-08-10 13:30:00,3772,W,0,2014-08-10 13:30:00
2014-08-10 13:45:00,3773,W,0,2014-08-10 13:45:05
2014-08-10 14:00:00,3778,W,0,2014-08-10 14:00:09
2014-08-10 14:15:00,3019,W,0,2014-08-10 14:15:04
2014-08-10 14:30:00,3773,W,0,2014-08-10 14:30:08
2014-08-10 14:45:00,3773,W,0,2014-08-10 14:45:01
2014-08-10 15:00:00,2959,W,0,2014-08-10 15:00:04
2014-08-10 15:15:00,3772,W,0,2014-08-10 15:15:08
2014-08-10 15:30:00,1667,W,0,2014-08-10 15:30:01
2014-08-10 15:45:00,2078,W,0,2014-08-10 15:45:07
2014-08-10 16:00:00,3473,W,0,2014-08-10 16:00:00
2014-08-10 16:15:00,578,W,0,2014-08-10 16:15:08
2014-08-10 16:30:00,1734,W,0,2014-08-10 16:30:03
2014-08-10 16:45:00,2381,W,0,2014-08-10 16:45:09
2014-08-10 17:00:00,3121,W,0,2014-08-10 17:00:05
2014-08-10 17:15:00,2079,W,0,2014-08-10 17:15:08
2014-08-10 17:30:00,2210,W,0,2014-08-10 17:30:01
2014-08-10 17:45:00,1658,W,0,2014-08-10 17:45:06
2014-08-10 18:00:00,709,W,0,2014-08-10 18:00:09
2014-08-10 18:15:00,1105,W,0,2014-08-10 18:15:02
2014-08-10 18:30:00,1336,W,0,2014-08-10 18:30:05
2014-08-10 18:45:00,1017,W,0,2014-08-10 18:45:08
2014-08-10 19:00:00,808,W,0,2014-08-10 19:00:01
2014-08-10 19:15:00,480,W,0,2014-08-10 19:15:04
2014-08-10 19:30:00,222,W,0,2014-08-10 19:30:07
2014-08-10 19:45:00,174,W,0,2014-08-10 19:45:04
2014-08-10 20:00:00,55,W,0,2014-08-10 20:00:00
2014-08-10 20:15:00,0,W,0,2014-08-10 20:15:06
2014-08-10 20:30:00,0,W,0,2014-08-10 20:30:05
2014-08-10 20:45:00,0,W,0,2014-08-10 20:45:01
2014-08-10 21:00:00,0,W,0,2014-08-10 21:00:04
2014-08-10 21:15:00,0,W,0,2014-08-10 21:15:00
2014-08-10 21:30:00,0,W,0,2014-08-10 21:30:02
2014-08-10 21:45:00,0,W,0,2014-08-10 21:45:05
2014-08-10 22:00:00,0,W,0,2014-08-10 22:00:08
2014-08-10 22:15:00,0,W,0,2014-08-10 22:15:01
2014-08-10 22:30:00,0,W,0,2014-08-10 22:30:06
2014-08-10 22:45:00,0,W,0,2014-08-10 22:45:09
2014-08-10 23:00:00,0,W,0,2014-08-10 23:00:02
2014-08-10 23:15:00,0,W,0,2014-08-10 23:15:04
2014-08-10 23:30:00,0,W,0,2014-08-10 23:30:07
2014-08-10 23:45:00,0,W,0,2014-08-10 23:45:02
2014-08-11 00:00:00,0,W,0,2014-08-11 00:00:05
2014-08-11 00:15:00,0,W,0,2014-08-11 00:15:08
2014-08-11 00:30:00,0,W,0,2014-08-11 00:30:01
2014-08-11 00:45:00,0,W,0,2014-08-11 00:45:03
2014-08-11 01:00:00,0,W,0,2014-08-11 01:00:06
2014-08-11 01:15:00,0,W,0,2014-08-11 01:15:00
2014-08-11 01:30:00,0,W,0,2014-08-11 01:30:02
2014-08-11 01:45:00,0,W,0,2014-08-11 01:45:08
2014-08-11 02:00:00,0,W,0,2014-08-11 02:00:00
2014-08-11 02:15:00,0,W,0,2014-08-11 02:15:03
2014-08-11 02:30:00,0,W,0,2014-08-11 02:30:07
2014-08-11 02:45:00,0,W,0,2014-08-11 02:45:00
2014-08-11 03:00:00,0,W,0,2014-08-11 03:00:03
2014-08-11 03:15:00,0,W,0,2014-08-11 03:15:05
2014-08-11 03:30:00,0,W,0,2014-08-11 03:30:08
2014-08-11 03:45:00,0,W,0,2014-08-11 03:45:01
2014-08-11 04:00:00,0,W,0,2014-08-11 04:00:03
2014-08-11 04:15:00,0,W,0,2014-08-11 04:15:06
2014-08-11 04:30:00,0,W,0,2014-08-11 04:30:09
2014-08-11 04:45:00,0,W,0,2014-08-11 04:45:01
2014-08-11 05:00:00,0,W,0,2014-08-11 05:00:04
2014-08-11 05:15:00,0,W,0,2014-08-11 05:15:09
2014-08-11 05:30:00,0,W,0,2014-08-11 05:30:01
2014-08-11 05:45:00,0,W,0,2014-08-11 05:45:04
2014-08-11 06:00:00,0,W,0,2014-08-11 06:00:07
2014-08-11 06:15:00,0,W,0,2014-08-11 06:15:09
2014-08-11 06:30:00,0,W,0,2014-08-11 06:30:02
2014-08-11 06:45:00,0,W,0,2014-08-11 06:45:05
2014-08-11 07:00:00,0,W,0,2014-08-11 07:00:01
2014-08-11 07:15:00,64,W,0,2014-08-11 07:15:04
2014-08-11 07:30:00,68,W,0,2014-08-11 07:30:07
2014-08-11 07:45:00,51,W,0,2014-08-11 07:45:09
2014-08-11 08:00:00,212,W,0,2014-08-11 08:00:02
2014-08-11 08:15:00,162,W,0,2014-08-11 08:15:05
2014-08-11 08:30:00,234,W,0,2014-08-11 08:30:09
2014-08-11 08:45:00,63,W,0,2014-08-11 08:45:02
2014-08-11 09:00:00,177,W,0,2014-08-11 09:00:08
2014-08-11 09:15:00,130,W,0,2014-08-11 09:15:05
2014-08-11 09:30:00,335,W,0,2014-08-11 09:30:08
2014-08-11 09:45:00,641,W,0,2014-08-11 09:45:02
2014-08-11 10:00:00,381,W,0,2014-08-11 10:00:08
2014-08-11 10:15:00,94,W,0,2014-08-11 10:15:01
2014-08-11 10:30:00,0,W,0,2014-08-11 10:30:04
2014-08-11 10:45:00,50,W,0,2014-08-11 10:45:07
2014-08-11 11:00:00,232,W,0,2014-08-11 11:00:00
2014-08-11 11:15:00,244,W,0,2014-08-11 11:15:03
2014-08-11 11:30:00,381,W,0,2014-08-11 11:30:09
2014-08-11 11:45:00,542,W,0,2014-08-11 11:45:01
2014-08-11 12:00:00,184,W,0,2014-08-11 12:00:05
2014-08-11 12:15:00,332,W,0,2014-08-11 12:15:02
2014-08-11 12:30:00,348,W,0,2014-08-11 12:30:06
2014-08-11 12:45:00,458,W,0,2014-08-11 12:45:03
2014-08-11 13:00:00,431,W,0,2014-08-11 13:00:08
2014-08-11 13:15:00,5,W,0,2014-08-11 13:15:01
2014-08-11 13:30:00,433,W,0,2014-08-11 13:30:05
2014-08-11 13:45:00,122,W,0,2014-08-11 13:45:09
2014-08-11 14:00:00,230,W,0,2014-08-11 14:00:03
2014-08-11 14:15:00,459,W,0,2014-08-11 14:15:09
2014-08-11 14:30:00,683,W,0,2014-08-11 14:30:09
2014-08-11 14:45:00,738,W,0,2014-08-11 14:45:02
2014-08-11 15:00:00,723,W,0,2014-08-11 15:00:02
2014-08-11 15:15:00,1160,W,0,2014-08-11 15:15:03
2014-08-11 15:30:00,846,W,0,2014-08-11 15:30:07
2014-08-11 15:45:00,730,W,0,2014-08-11 15:45:09
2014-08-11 16:00:00,1266,W,0,2014-08-11 16:00:04
2014-08-11 16:15:00,344,W,0,2014-08-11 16:15:07
2014-08-11 16:30:00,282,W,0,2014-08-11 16:30:00
2014-08-11 16:45:00,882,W,0,2014-08-11 16:45:09
2014-08-11 17:00:00,817,W,0,2014-08-11 17:00:04
2014-08-11 17:15:00,616,W,0,2014-08-11 17:15:00
2014-08-11 17:30:00,115,W,0,2014-08-11 17:30:06
2014-08-11 17:45:00,600,W,0,2014-08-11 17:45:09
2014-08-11 18:00:00,168,W,0,2014-08-11 18:00:02
2014-08-11 18:15:00,365,W,0,2014-08-11 18:15:05
2014-08-11 18:30:00,130,W,0,2014-08-11 18:30:09
2014-08-11 18:45:00,325,W,0,2014-08-11 18:45:08
2014-08-11 19:00:00,128,W,0,2014-08-11 19:00:04
2014-08-11 19:15:00,3,W,0,2014-08-11 19:15:00
2014-08-11 19:30:00,0,W,0,2014-08-11 19:30:06
2014-08-11 19:45:00,0,W,0,2014-08-11 19:45:03
2014-08-11 20:00:00,0,W,0,2014-08-11 20:00:07
2014-08-11 20:15:00,0,W,0,2014-08-11 20:15:00
2014-08-11 20:30:00,0,W,0,2014-08-11 20:30:03
2014-08-11 20:45:00,0,W,0,2014-08-11 20:45:01
2014-08-11 21:00:00,0,W,0,2014-08-11 21:00:04
2014-08-11 21:15:00,0,W,0,2014-08-11 21:15:07
2014-08-11 21:30:00,0,W,0,2014-08-11 21:30:09
2014-08-11 21:45:00,0,W,0,2014-08-11 21:45:04
2014-08-11 22:00:00,0,W,0,2014-08-11 22:00:07
2014-08-11 22:15:00,0,W,0,2014-08-11 22:15:00
2014-08-11 22:30:00,0,W,0,2014-08-11 22:30:03
2014-08-11 22:45:00,0,W,0,2014-08-11 22:45:03
2014-08-11 23:00:00,0,W,0,2014-08-11 23:00:06
2014-08-11 23:15:00,0,W,0,2014-08-11 23:15:09
2014-08-11 23:30:00,0,W,0,2014-08-11 23:30:02
2014-08-11 23:45:00,0,W,0,2014-08-11 23:45:00
2014-08-12 00:00:00,0,W,0,2014-08-12 00:00:04
2014-08-12 00:15:00,0,W,0,2014-08-12 00:15:06
2014-08-12 00:30:00,0,W,0,2014-08-12 00:30:09
2014-08-12 00:45:00,0,W,0,2014-08-12 00:48:23
2014-08-12 01:00:00,0,W,0,2014-08-12 01:00:06
2014-08-12 01:15:00,0,W,0,2014-08-12 01:15:08
2014-08-12 01:30:00,0,W,0,2014-08-12 01:30:01
2014-08-12 01:45:00,0,W,0,2014-08-12 01:45:04
2014-08-12 02:00:00,0,W,0,2014-08-12 02:00:06
2014-08-12 02:15:00,0,W,0,2014-08-12 02:15:09
2014-08-12 02:30:00,0,W,0,2014-08-12 02:30:01
2014-08-12 02:45:00,0,W,0,2014-08-12 02:45:04
2014-08-12 03:00:00,0,W,0,2014-08-12 03:00:07
2014-08-12 03:15:00,0,W,0,2014-08-12 03:15:05
2014-08-12 03:30:00,0,W,0,2014-08-12 03:30:07
2014-08-12 03:45:00,0,W,0,2014-08-12 03:45:09
2014-08-12 04:00:00,0,W,0,2014-08-12 04:00:02
2014-08-12 04:15:00,0,W,0,2014-08-12 04:15:05
2014-08-12 04:30:00,0,W,0,2014-08-12 04:30:08
2014-08-12 04:45:00,0,W,0,2014-08-12 04:45:00
2014-08-12 05:00:00,0,W,0,2014-08-12 05:00:03
2014-08-12 05:15:00,0,W,0,2014-08-12 05:15:05
2014-08-12 05:30:00,0,W,0,2014-08-12 05:30:08
2014-08-12 05:45:00,0,W,0,2014-08-12 05:45:00
2014-08-12 06:00:00,0,W,0,2014-08-12 06:00:03
2014-08-12 06:15:00,0,W,0,2014-08-12 06:15:06
2014-08-12 06:30:00,0,W,0,2014-08-12 06:30:08
2014-08-12 06:45:00,0,W,0,2014-08-12 06:45:02
2014-08-12 07:00:00,74,W,0,2014-08-12 07:00:04
2014-08-12 07:15:00,50,W,0,2014-08-12 07:15:07
2014-08-12 07:30:00,125,W,0,2014-08-12 07:30:00
2014-08-12 07:45:00,323,W,0,2014-08-12 07:45:02
2014-08-12 08:00:00,498,W,0,2014-08-12 08:00:05
2014-08-12 08:15:00,531,W,0,2014-08-12 08:15:09
2014-08-12 08:30:00,777,W,0,2014-08-12 08:30:02
2014-08-12 08:45:00,786,W,0,2014-08-12 08:45:06
2014-08-12 09:00:00,857,W,0,2014-08-12 09:00:09
2014-08-12 09:15:00,1379,W,0,2014-08-12 09:15:03
2014-08-12 09:30:00,1238,W,0,2014-08-12 09:30:06
2014-08-12 09:45:00,1016,W,0,2014-08-12 09:45:09
2014-08-12 10:00:00,1458,W,0,2014-08-12 10:00:01
2014-08-12 10:15:00,1548,W,0,2014-08-12 10:15:04
2014-08-12 10:30:00,1396,W,0,2014-08-12 10:30:07
2014-08-12 10:45:00,1668,W,0,2014-08-12 10:45:00
2014-08-12 11:00:00,3156,W,0,2014-08-12 11:00:02
2014-08-12 11:15:00,3773,W,0,2014-08-12 11:15:06
2014-08-12 11:30:00,3773,W,0,2014-08-12 11:30:08
2014-08-12 11:45:00,2045,W,0,2014-08-12 11:45:02
2014-08-12 12:00:00,3772,W,0,2014-08-12 12:00:05
2014-08-12 12:15:00,1279,W,0,2014-08-12 12:15:08
2014-08-12 12:30:00,1006,W,0,2014-08-12 12:30:01
2014-08-12 12:45:00,3773,W,0,2014-08-12 12:45:05
2014-08-12 13:00:00,3773,W,0,2014-08-12 13:00:09
2014-08-12 13:15:00,3772,W,0,2014-08-12 13:15:04
2014-08-12 13:30:00,3771,W,0,2014-08-12 13:30:08
2014-08-12 13:45:00,2373,W,0,2014-08-12 13:45:02
2014-08-12 14:00:00,1613,W,0,2014-08-12 14:00:06
2014-08-12 14:15:00,1957,W,0,2014-08-12 14:15:09
2014-08-12 14:30:00,2981,W,0,2014-08-12 14:30:02
2014-08-12 14:45:00,2366,W,0,2014-08-12 14:45:05
2014-08-12 15:00:00,2177,W,0,2014-08-12 15:00:08
2014-08-12 15:15:00,2666,W,0,2014-08-12 15:15:01
2014-08-12 15:30:00,2209,W,0,2014-08-12 15:30:05
2014-08-12 15:45:00,1010,W,0,2014-08-12 15:45:08
2014-08-12 16:00:00,1049,W,0,2014-08-12 16:00:01
2014-08-12 16:15:00,1550,W,0,2014-08-12 16:15:04
2014-08-12 16:30:00,1090,W,0,2014-08-12 16:30:07
2014-08-12 16:45:00,1196,W,0,2014-08-12 16:45:00
2014-08-12 17:00:00,935,W,0,2014-08-12 17:00:06
2014-08-12 17:15:00,973,W,0,2014-08-12 17:15:02
2014-08-12 17:30:00,884,W,0,2014-08-12 17:30:08
2014-08-12 17:45:00,533,W,0,2014-08-12 17:45:03
2014-08-12 18:00:00,0,W,0,2014-08-12 18:07:37
2014-08-12 18:15:00,0,W,0,2014-08-12 18:15:09
2014-08-12 18:30:00,1315,W,0,2014-08-12 18:30:04
2014-08-12 18:45:00,0,W,0,2014-08-12 18:45:07
2014-08-12 19:00:00,391,W,0,2014-08-12 19:00:01
2014-08-12 19:15:00,363,W,0,2014-08-12 19:15:04
2014-08-12 19:30:00,124,W,0,2014-08-12 19:30:08
2014-08-12 19:45:00,57,W,0,2014-08-12 19:45:03
2014-08-12 20:00:00,0,W,0,2014-08-12 20:00:07
2014-08-12 20:15:00,0,W,0,2014-08-12 20:15:00
2014-08-12 20:30:00,0,W,0,2014-08-12 20:30:03
2014-08-12 20:45:00,0,W,0,2014-08-12 20:45:06
2014-08-12 21:00:00,0,W,0,2014-08-12 21:00:09
2014-08-12 21:15:00,0,W,0,2014-08-12 21:15:02
2014-08-12 21:30:00,0,W,0,2014-08-12 21:30:05
2014-08-12 21:45:00,0,W,0,2014-08-12 21:45:08
2014-08-12 22:00:00,0,W,0,2014-08-12 22:00:01
2014-08-12 22:15:00,0,W,0,2014-08-12 22:15:05
2014-08-12 22:30:00,0,W,0,2014-08-12 22:30:07
2014-08-12 22:45:00,0,W,0,2014-08-12 22:45:00
2014-08-12 23:00:00,0,W,0,2014-08-12 23:00:03
2014-08-12 23:15:00,0,W,0,2014-08-12 23:15:08
2014-08-12 23:30:00,0,W,0,2014-08-12 23:30:01
2014-08-12 23:45:00,0,W,0,2014-08-12 23:45:03
2014-08-13 00:00:00,0,W,0,2014-08-13 00:00:06
2014-08-13 00:15:00,0,W,0,2014-08-13 00:15:09
2014-08-13 00:30:00,0,W,0,2014-08-13 00:30:01
2014-08-13 00:45:00,0,W,0,2014-08-13 00:45:04
2014-08-13 01:00:00,0,W,0,2014-08-13 01:00:06
2014-08-13 01:15:00,0,W,0,2014-08-13 01:15:09
2014-08-13 01:30:00,0,W,0,2014-08-13 01:30:02
2014-08-13 01:45:00,0,W,0,2014-08-13 01:45:04
2014-08-13 02:00:00,0,W,0,2014-08-13 02:00:07
2014-08-13 02:15:00,0,W,0,2014-08-13 02:15:02
2014-08-13 02:30:00,0,W,0,2014-08-13 02:30:05
2014-08-13 02:45:00,0,W,0,2014-08-13 02:45:08
2014-08-13 03:00:00,0,W,0,2014-08-13 03:00:00
2014-08-13 03:15:00,0,W,0,2014-08-13 03:15:03
2014-08-13 03:30:00,0,W,0,2014-08-13 03:30:06
2014-08-13 03:45:00,0,W,0,2014-08-13 03:45:08
2014-08-13 04:00:00,0,W,0,2014-08-13 04:00:01
2014-08-13 04:15:00,0,W,0,2014-08-13 04:15:04
2014-08-13 04:30:00,0,W,0,2014-08-13 04:30:07
2014-08-13 04:45:00,0,W,0,2014-08-13 04:45:09
2014-08-13 05:00:00,0,W,0,2014-08-13 05:00:05
2014-08-13 05:15:00,0,W,0,2014-08-13 05:15:06
2014-08-13 05:30:00,0,W,0,2014-08-13 05:30:02
2014-08-13 05:45:00,0,W,0,2014-08-13 05:45:05
2014-08-13 06:00:00,0,W,0,2014-08-13 06:00:09
2014-08-13 06:15:00,0,W,0,2014-08-13 06:15:01
2014-08-13 06:30:00,0,W,0,2014-08-13 06:30:06
2014-08-13 06:45:00,0,W,0,2014-08-13 06:45:09
2014-08-13 07:00:00,77,W,0,2014-08-13 07:00:02
2014-08-13 07:15:00,61,W,0,2014-08-13 07:15:05
2014-08-13 07:30:00,64,W,0,2014-08-13 07:30:08
2014-08-13 07:45:00,37,W,0,2014-08-13 07:45:01
2014-08-13 08:00:00,99,W,0,2014-08-13 08:00:06
2014-08-13 08:15:00,70,W,0,2014-08-13 08:15:08
2014-08-13 08:30:00,97,W,0,2014-08-13 08:30:01
2014-08-13 08:45:00,126,W,0,2014-08-13 08:45:06
2014-08-13 09:00:00,105,W,0,2014-08-13 09:00:09
2014-08-13 09:15:00,121,W,0,2014-08-13 09:15:01
2014-08-13 09:30:00,136,W,0,2014-08-13 09:30:07
2014-08-13 09:45:00,127,W,0,2014-08-13 09:45:09
2014-08-13 10:00:00,185,W,0,2014-08-13 10:00:02
2014-08-13 10:15:00,242,W,0,2014-08-13 10:15:05
2014-08-13 10:30:00,371,W,0,2014-08-13 10:30:00
2014-08-13 10:45:00,400,W,0,2014-08-13 10:45:03
2014-08-13 11:00:00,397,W,0,2014-08-13 11:00:06
2014-08-13 11:15:00,418,W,0,2014-08-13 11:15:01
2014-08-13 11:30:00,387,W,0,2014-08-13 11:30:07
2014-08-13 11:45:00,314,W,0,2014-08-13 11:45:01
2014-08-13 12:00:00,281,W,0,2014-08-13 12:00:08
2014-08-13 12:15:00,255,W,0,2014-08-13 12:15:01
2014-08-13 12:30:00,260,W,0,2014-08-13 12:30:06
2014-08-13 12:45:00,370,W,0,2014-08-13 12:45:00
2014-08-13 13:00:00,414,W,0,2014-08-13 13:00:02
2014-08-13 13:15:00,413,W,0,2014-08-13 13:15:06
2014-08-13 13:30:00,520,W,0,2014-08-13 13:30:09
2014-08-13 13:45:00,378,W,0,2014-08-13 13:45:02
2014-08-13 14:00:00,740,W,0,2014-08-13 14:00:09
2014-08-13 14:15:00,675,W,0,2014-08-13 14:15:02
2014-08-13 14:30:00,761,W,0,2014-08-13 14:30:07
2014-08-13 14:45:00,734,W,0,2014-08-13 14:45:01
2014-08-13 15:00:00,711,W,0,2014-08-13 15:00:06
2014-08-13 15:15:00,635,W,0,2014-08-13 15:15:01
2014-08-13 15:30:00,620,W,0,2014-08-13 15:30:07
2014-08-13 15:45:00,367,W,0,2014-08-13 15:45:00
2014-08-13 16:00:00,277,W,0,2014-08-13 16:00:02
2014-08-13 16:15:00,274,W,0,2014-08-13 16:15:06
2014-08-13 16:30:00,514,W,0,2014-08-13 16:30:00
2014-08-13 16:45:00,703,W,0,2014-08-13 16:45:03
2014-08-13 17:00:00,369,W,0,2014-08-13 17:00:06
2014-08-13 17:15:00,129,W,0,2014-08-13 17:15:09
2014-08-13 17:30:00,55,W,0,2014-08-13 17:30:02
2014-08-13 17:45:00,152,W,0,2014-08-13 17:45:05
2014-08-13 18:00:00,241,W,0,2014-08-13 18:00:08
2014-08-13 18:15:00,144,W,0,2014-08-13 18:15:05
2014-08-13 18:30:00,128,W,0,2014-08-13 18:30:01
2014-08-13 18:45:00,58,W,0,2014-08-13 18:45:07
2014-08-13 19:00:00,138,W,0,2014-08-13 19:00:03
2014-08-13 19:15:00,95,W,0,2014-08-13 19:15:07
2014-08-13 19:30:00,0,W,0,2014-08-13 19:30:00
2014-08-13 19:45:00,0,W,0,2014-08-13 19:45:03
2014-08-13 20:00:00,0,W,0,2014-08-13 20:00:08
2014-08-13 20:15:00,0,W,0,2014-08-13 20:15:04
2014-08-13 20:30:00,0,W,0,2014-08-13 20:30:06
2014-08-13 20:45:00,0,W,0,2014-08-13 20:45:09
2014-08-13 21:00:00,0,W,0,2014-08-13 21:00:02
2014-08-13 21:15:00,0,W,0,2014-08-13 21:15:05
2014-08-13 21:30:00,0,W,0,2014-08-13 21:30:08
2014-08-13 21:45:00,0,W,0,2014-08-13 21:45:00
2014-08-13 22:00:00,0,W,0,2014-08-13 22:00:03
2014-08-13 22:15:00,0,W,0,2014-08-13 22:15:06
2014-08-13 22:30:00,0,W,0,2014-08-13 22:30:09
2014-08-13 22:45:00,0,W,0,2014-08-13 22:45:02
2014-08-13 23:00:00,0,W,0,2014-08-13 23:00:05
2014-08-13 23:15:00,0,W,0,2014-08-13 23:15:08
2014-08-13 23:30:00,0,W,0,2014-08-13 23:30:00
2014-08-13 23:45:00,0,W,0,2014-08-13 23:45:03
2014-08-14 00:00:00,0,W,0,2014-08-14 00:00:07
2014-08-14 00:15:00,0,W,0,2014-08-14 00:15:00
2014-08-14 00:30:00,0,W,0,2014-08-14 00:30:03
2014-08-14 00:45:00,0,W,0,2014-08-14 00:45:06
2014-08-14 01:00:00,0,W,0,2014-08-14 01:00:08
2014-08-14 01:15:00,0,W,0,2014-08-14 01:15:01
2014-08-14 01:30:00,0,W,0,2014-08-14 01:30:04
2014-08-14 01:45:00,0,W,0,2014-08-14 01:45:07
2014-08-14 02:00:00,0,W,0,2014-08-14 02:00:09
2014-08-14 02:15:00,0,W,0,2014-08-14 02:15:02
2014-08-14 02:30:00,0,W,0,2014-08-14 02:30:06
2014-08-14 02:45:00,0,W,0,2014-08-14 02:45:09
2014-08-14 03:00:00,0,W,0,2014-08-14 03:00:01
2014-08-14 03:15:00,0,W,0,2014-08-14 03:15:05
2014-08-14 03:30:00,0,W,0,2014-08-14 03:30:08
2014-08-14 03:45:00,0,W,0,2014-08-14 03:45:01
2014-08-14 04:00:00,0,W,0,2014-08-14 04:00:06
2014-08-14 04:15:00,0,W,0,2014-08-14 04:15:00
2014-08-14 04:30:00,0,W,0,2014-08-14 04:30:02
2014-08-14 04:45:00,0,W,0,2014-08-14 04:45:05
2014-08-14 05:00:00,0,W,0,2014-08-14 05:00:09
2014-08-14 05:15:00,0,W,0,2014-08-14 05:15:01
2014-08-14 05:30:00,0,W,0,2014-08-14 05:30:03
2014-08-14 05:45:00,0,W,0,2014-08-14 05:45:06
2014-08-14 06:00:00,0,W,0,2014-08-14 06:00:09
2014-08-14 06:15:00,0,W,0,2014-08-14 06:15:02
2014-08-14 06:30:00,0,W,0,2014-08-14 06:30:05
2014-08-14 06:45:00,19,W,0,2014-08-14 06:45:08
2014-08-14 07:00:00,73,W,0,2014-08-14 07:00:04
2014-08-14 07:15:00,143,W,0,2014-08-14 07:15:06
2014-08-14 07:30:00,179,W,0,2014-08-14 07:30:09
2014-08-14 07:45:00,267,W,0,2014-08-14 07:45:03
2014-08-14 08:00:00,143,W,0,2014-08-14 08:00:07
2014-08-14 08:15:00,352,W,0,2014-08-14 08:15:00
2014-08-14 08:30:00,301,W,0,2014-08-14 08:30:03
2014-08-14 08:45:00,333,W,0,2014-08-14 08:45:06
2014-08-14 09:00:00,383,W,0,2014-08-14 09:00:02
2014-08-14 09:15:00,549,W,0,2014-08-14 09:15:05
2014-08-14 09:30:00,653,W,0,2014-08-14 09:30:07
2014-08-14 09:45:00,905,W,0,2014-08-14 09:45:00
2014-08-14 10:00:00,773,W,0,2014-08-14 10:00:05
2014-08-14 10:15:00,819,W,0,2014-08-14 10:15:08
2014-08-14 10:30:00,898,W,0,2014-08-14 10:30:01
2014-08-14 10:45:00,1124,W,0,2014-08-14 10:45:07
2014-08-14 11:00:00,1153,W,0,2014-08-14 11:00:02
2014-08-14 11:15:00,1386,W,0,2014-08-14 11:15:05
2014-08-14 11:30:00,1242,W,0,2014-08-14 11:30:03
2014-08-14 11:45:00,1122,W,0,2014-08-14 11:45:07
2014-08-14 12:00:00,1132,W,0,2014-08-14 12:00:02
2014-08-14 12:15:00,1094,W,0,2014-08-14 12:15:06
2014-08-14 12:30:00,1115,W,0,2014-08-14 12:30:01
2014-08-14 12:45:00,1405,W,0,2014-08-14 12:45:03
2014-08-14 13:00:00,1876,W,0,2014-08-14 13:00:06
2014-08-14 13:15:00,2072,W,0,2014-08-14 13:15:03
2014-08-14 13:30:00,1530,W,0,2014-08-14 13:30:08
2014-08-14 13:45:00,150,W,0,2014-08-14 13:45:03
2014-08-14 14:00:00,862,W,0,2014-08-14 14:00:07
2014-08-14 14:15:00,654,W,0,2014-08-14 14:15:00
2014-08-14 14:30:00,802,W,0,2014-08-14 14:30:05
2014-08-14 14:45:00,527,W,0,2014-08-14 14:45:09
2014-08-14 15:00:00,378,W,0,2014-08-14 15:00:04
2014-08-14 15:15:00,267,W,0,2014-08-14 15:15:00
2014-08-14 15:30:00,602,W,0,2014-08-14 15:30:05
2014-08-14 15:45:00,1614,W,0,2014-08-14 15:45:08
2014-08-14 16:00:00,800,W,0,2014-08-14 16:00:01
2014-08-14 16:15:00,345,W,0,2014-08-14 16:15:04
2014-08-14 16:30:00,2823,W,0,2014-08-14 16:30:07
2014-08-14 16:45:00,3044,W,0,2014-08-14 16:45:00
2014-08-14 17:00:00,2800,W,0,2014-08-14 17:00:02
2014-08-14 17:15:00,1104,W,0,2014-08-14 17:15:00
2014-08-14 17:30:00,1248,W,0,2014-08-14 17:30:03
2014-08-14 17:45:00,2325,W,0,2014-08-14 17:45:06
2014-08-14 18:00:00,373,W,0,2014-08-14 18:00:06
2014-08-14 18:15:00,356,W,0,2014-08-14 18:15:02
2014-08-14 18:30:00,394,W,0,2014-08-14 18:30:03
2014-08-14 18:45:00,778,W,0,2014-08-14 18:45:07
2014-08-14 19:00:00,421,W,0,2014-08-14 19:00:01
2014-08-14 19:15:00,415,W,0,2014-08-14 19:15:07
2014-08-14 19:30:00,126,W,0,2014-08-14 19:30:09
2014-08-14 19:45:00,58,W,0,2014-08-14 19:45:07
2014-08-14 20:00:00,0,W,0,2014-08-14 20:00:09
2014-08-14 20:15:00,0,W,0,2014-08-14 20:15:10
2014-08-14 20:30:00,0,W,0,2014-08-14 20:30:00
2014-08-14 20:45:00,0,W,0,2014-08-14 20:45:09
2014-08-14 21:00:00,0,W,0,2014-08-14 21:00:07
2014-08-14 21:15:00,0,W,0,2014-08-14 21:15:06
2014-08-14 21:30:00,0,W,0,2014-08-14 21:30:07
2014-08-14 21:45:00,0,W,0,2014-08-14 21:45:09
2014-08-14 22:00:00,0,W,0,2014-08-14 22:00:09
2014-08-14 22:15:00,0,W,0,2014-08-14 22:15:05
2014-08-14 22:30:00,0,W,0,2014-08-14 22:30:03
2014-08-14 22:45:00,0,W,0,2014-08-14 22:45:04
2014-08-14 23:00:00,0,W,0,2014-08-14 23:00:04
2014-08-14 23:15:00,0,W,0,2014-08-14 23:15:09
2014-08-14 23:30:00,0,W,0,2014-08-14 23:30:03
2014-08-14 23:45:00,0,W,0,2014-08-14 23:45:03
